[
  {
    "home_team": "Kria",
    "away_team": "KFS",
    "start_time": "2025-05-29T13:30:00.000Z",
    "odds": {
      "The Draw": 70.0
    }
  },
  {
    "home_team": "FOC Farsta",
    "away_team": "Smedby",
    "start_time": "2025-05-29T14:00:00.000Z",
    "odds": {
      "The Draw": 12.0
    }
  },
  {
    "home_team": "Norrby IF",
    "away_team": "Angelholms",
    "start_time": "2025-05-29T14:00:00.000Z",
    "odds": {
      "The Draw": 13.5
    }
  },
  {
    "home_team": "FC Trollhattan",
    "away_team": "BK Olympic",
    "start_time": "2025-05-29T14:00:00.000Z",
    "odds": {
      "The Draw": 2.16
    }
  },
  {
    "home_team": "IF Karlstad",
    "away_team": "FC Arlanda",
    "start_time": "2025-05-29T14:00:00.000Z",
    "odds": {
      "FC Arlanda": 100.0,
      "The Draw": 100.0
    }
  },
  {
    "home_team": "HB Torshavn",
    "away_team": "Vikingur Gota",
    "start_time": "2025-05-29T14:00:00.000Z",
    "odds": {
      "The Draw": 1.01
    }
  },
  {
    "home_team": "IF Vestri",
    "away_team": "Vikingur Reykjavik",
    "start_time": "2025-05-29T14:00:00.000Z",
    "odds": {
      "The Draw": 4.7
    }
  },
  {
    "home_team": "Gefle",
    "away_team": "FC Stockholm Internazionale",
    "start_time": "2025-05-29T14:00:00.000Z",
    "odds": {
      "The Draw": 3.8
    }
  },
  {
    "home_team": "Nomme Kalju II",
    "away_team": "Tallinna Kalev II",
    "start_time": "2025-05-29T15:00:00.000Z",
    "odds": {
      "The Draw": 2.66
    }
  },
  {
    "home_team": "Welayta Dicha",
    "away_team": "Mebrat Hayl",
    "start_time": "2025-05-29T15:00:00.000Z",
    "odds": {
      "The Draw": 3.2
    }
  },
  {
    "home_team": "LASK Linz",
    "away_team": "Rapid Vienna",
    "start_time": "2025-05-29T15:00:00.000Z",
    "odds": {
      "The Draw": 1.01
    }
  },
  {
    "home_team": "Ellidi",
    "away_team": "KA Asvellir",
    "start_time": "2025-05-29T15:00:00.000Z",
    "odds": {
      "The Draw": 100.0
    }
  },
  {
    "home_team": "FC Telavi",
    "away_team": "Samgurali Tskaltubo",
    "start_time": "2025-05-29T15:00:00.000Z",
    "odds": {
      "The Draw": 4.0
    }
  },
  {
    "home_team": "FK Auda",
    "away_team": "FS Metta/Lu",
    "start_time": "2025-05-29T15:00:00.000Z",
    "odds": {
      "The Draw": 3.9
    }
  },
  {
    "home_team": "FC Copenhagen",
    "away_team": "Silkeborg",
    "start_time": "2025-05-29T15:00:00.000Z",
    "odds": {
      "The Draw": 4.7
    }
  },
  {
    "home_team": "TuPS/KP-75 YJ U20",
    "away_team": "MP Mikkelin U20",
    "start_time": "2025-05-29T15:30:00.000Z",
    "odds": {
      "The Draw": 2.0
    }
  }
]