timestamp,kamp,dato,prediction,sandsynlighed,value_bet,odds_1,odds_X,odds_2,source,actual_result
2025-05-17T23:35:00.547727,Athletic Club vs FC Barcelona,2025-05-25T00:00:00Z,2,0.745,2,2.0,3.5,3.0,combined,
2025-05-17T23:35:00.547733,Real Betis Balompié vs Valencia CF,2025-05-25T00:00:00Z,2,0.745,2,2.0,3.5,3.0,combined,
2025-05-17T23:35:00.547735,CD Leganés vs Real Valladolid CF,2025-05-25T00:00:00Z,2,0.745,2,2.0,3.5,3.0,combined,
2025-05-17T23:35:00.547736,Deportivo Alavés vs CA Osasuna,2025-05-25T00:00:00Z,2,0.745,2,2.0,3.5,3.0,combined,
2025-05-17T23:35:00.547738,Getafe CF vs RC Celta de Vigo,2025-05-25T00:00:00Z,2,0.745,2,2.0,3.5,3.0,combined,
2025-05-17T23:35:00.547739,Girona FC vs Club Atlético de Madrid,2025-05-25T00:00:00Z,2,0.745,2,2.0,3.5,3.0,combined,
2025-05-17T23:35:00.547741,Villarreal CF vs Sevilla FC,2025-05-25T00:00:00Z,2,0.745,2,2.0,3.5,3.0,combined,
2025-05-17T23:35:00.547742,Rayo Vallecano de Madrid vs RCD Mallorca,2025-05-25T00:00:00Z,2,0.745,2,2.0,3.5,3.0,combined,
2025-05-17T23:35:00.547743,Real Madrid CF vs Real Sociedad de Fútbol,2025-05-25T00:00:00Z,2,0.745,2,2.0,3.5,3.0,combined,
2025-05-17T23:35:00.547744,RCD Espanyol de Barcelona vs UD Las Palmas,2025-05-25T00:00:00Z,2,0.745,2,2.0,3.5,3.0,combined,
2025-05-17T23:48:09.344744,Athletic Club vs FC Barcelona,2025-05-25T00:00:00Z,2,0.745,2,2.0,3.5,3.0,combined,
2025-05-17T23:48:09.344770,Real Betis Balompié vs Valencia CF,2025-05-25T00:00:00Z,2,0.745,2,2.0,3.5,3.0,combined,
2025-05-17T23:48:09.344772,CD Leganés vs Real Valladolid CF,2025-05-25T00:00:00Z,2,0.745,2,2.0,3.5,3.0,combined,
2025-05-17T23:48:09.344773,Deportivo Alavés vs CA Osasuna,2025-05-25T00:00:00Z,2,0.745,2,2.0,3.5,3.0,combined,
2025-05-17T23:48:09.344774,Getafe CF vs RC Celta de Vigo,2025-05-25T00:00:00Z,2,0.745,2,2.0,3.5,3.0,combined,
2025-05-17T23:48:09.344775,Girona FC vs Club Atlético de Madrid,2025-05-25T00:00:00Z,2,0.745,2,2.0,3.5,3.0,combined,
2025-05-17T23:48:09.344776,Villarreal CF vs Sevilla FC,2025-05-25T00:00:00Z,2,0.745,2,2.0,3.5,3.0,combined,
2025-05-17T23:48:09.344778,Rayo Vallecano de Madrid vs RCD Mallorca,2025-05-25T00:00:00Z,2,0.745,2,2.0,3.5,3.0,combined,
2025-05-17T23:48:09.344779,Real Madrid CF vs Real Sociedad de Fútbol,2025-05-25T00:00:00Z,2,0.745,2,2.0,3.5,3.0,combined,
2025-05-17T23:48:09.344780,RCD Espanyol de Barcelona vs UD Las Palmas,2025-05-25T00:00:00Z,2,0.745,2,2.0,3.5,3.0,combined,
2025-05-19T10:39:16.199561,Athletic Club vs FC Barcelona,2025-05-25T00:00:00Z,1,0.484,Ingen,2.0,3.5,3.0,ensemble
2025-05-19T10:39:16.199570,Real Betis Balompié vs Valencia CF,2025-05-25T00:00:00Z,1,0.522,1,2.0,3.5,3.0,ensemble
2025-05-19T10:39:16.199571,CD Leganés vs Real Valladolid CF,2025-05-25T00:00:00Z,1,0.63,1,2.0,3.5,3.0,ensemble
2025-05-19T10:39:16.199573,Deportivo Alavés vs CA Osasuna,2025-05-25T00:00:00Z,1,0.397,Ingen,2.0,3.5,3.0,ensemble
2025-05-19T10:39:16.199574,Getafe CF vs RC Celta de Vigo,2025-05-25T00:00:00Z,2,0.483,2,2.0,3.5,3.0,ensemble
2025-05-19T10:39:16.199575,Girona FC vs Club Atlético de Madrid,2025-05-25T00:00:00Z,2,0.663,2,2.0,3.5,3.0,ensemble
2025-05-19T10:39:16.199576,Villarreal CF vs Sevilla FC,2025-05-25T00:00:00Z,1,0.739,1,2.0,3.5,3.0,ensemble
2025-05-19T10:39:16.199577,Rayo Vallecano de Madrid vs RCD Mallorca,2025-05-25T00:00:00Z,0,0.385,0,2.0,3.5,3.0,ensemble
2025-05-19T10:39:16.199578,Real Madrid CF vs Real Sociedad de Fútbol,2025-05-25T00:00:00Z,1,0.824,1,2.0,3.5,3.0,ensemble
2025-05-19T10:39:16.199579,RCD Espanyol de Barcelona vs UD Las Palmas,2025-05-25T00:00:00Z,0,0.465,0,2.0,3.5,3.0,ensemble
2025-05-30T23:43:45.426782,Liverpool FC vs Arsenal FC,2025-06-02T01:32:49.480916Z,1,0.493,Ingen,2.0,3.5,3.0,ensemble
2025-05-30T23:43:45.426790,Manchester City FC vs Chelsea FC,2025-06-02T01:32:49.480916Z,1,0.57,1,2.0,3.5,3.0,ensemble
2025-05-30T23:43:45.426791,FC Barcelona vs Real Madrid CF,2025-06-02T01:32:49.480916Z,2,0.405,2,2.0,3.5,3.0,ensemble
2025-06-04T23:55:57.678348,Liverpool FC vs Arsenal FC,2025-06-07T01:40:35.891285Z,1,0.433,Ingen,2.0,3.5,3.0,ensemble
2025-06-04T23:55:57.678368,Manchester City FC vs Chelsea FC,2025-06-07T01:40:35.891285Z,1,0.49,Ingen,2.0,3.5,3.0,ensemble
2025-06-04T23:55:57.678369,FC Barcelona vs Real Madrid CF,2025-06-07T01:40:35.891285Z,1,0.511,1,2.0,3.5,3.0,ensemble
