{
  "Barcelona": {
    "elo_today": 1950.58,
    "elo_7d": 1946.63,
    "elo_14d": 1941.46,
    "elo_30d": 1956.1
  },
  "RealMadrid": {
    "elo_today": 1931.44,
    "elo_7d": 1929.76,
    "elo_14d": 1936.63,
    "elo_30d": 1934.61
  },
  "Atletico": {
    "elo_today": 1840.54,
    "elo_7d": 1856.09,
    "elo_14d": 1850.99,
    "elo_30d": 1857.94
  },
  "Bilbao": {
    "elo_today": 1795.35,
    "elo_7d": 1786.69,
    "elo_14d": 1794.15,
    "elo_30d": 1820.11
  },
  "Villarreal": {
    "elo_today": 1769.85,
    "elo_7d": 1765.05,
    "elo_14d": 1758.94,
    "elo_30d": 1774.54
  },
  "Betis": {
    "elo_today": 1764.26,
    "elo_7d": 1765.54,
    "elo_14d": 1763.69,
    "elo_30d": 1745.44
  },
  "Celta": {
    "elo_today": 1694.08,
    "elo_7d": 1684.51,
    "elo_14d": 1679.72,
    "elo_30d": 1673.19
  },
  "Osasuna": {
    "elo_today": 1692.06,
    "elo_7d": 1676.5,
    "elo_14d": 1672.89,
    "elo_30d": 1674.64
  },
  "Valencia": {
    "elo_today": 1685.01,
    "elo_7d": 1693.02,
    "elo_14d": 1684.2,
    "elo_30d": 1685.36
  },
  "Sociedad": {
    "elo_today": 1666.2,
    "elo_7d": 1666.2,
    "elo_14d": 1682.57,
    "elo_30d": 1692.72
  },
  "Girona": {
    "elo_today": 1655.05,
    "elo_7d": 1649.46,
    "elo_14d": 1657.25,
    "elo_30d": 1668.71
  },
  "RayoVallecano": {
    "elo_today": 1652.4,
    "elo_7d": 1651.11,
    "elo_14d": 1643.21,
    "elo_30d": 1647.57
  },
  "Mallorca": {
    "elo_today": 1652.13,
    "elo_7d": 1653.8,
    "elo_14d": 1651.51,
    "elo_30d": 1666.8
  },
  "Sevilla": {
    "elo_today": 1648.82,
    "elo_7d": 1643.73,
    "elo_14d": 1650.21,
    "elo_30d": 1667.34
  },
  "Alaves": {
    "elo_today": 1641.15,
    "elo_7d": 1633.14,
    "elo_14d": 1637.33,
    "elo_30d": 1628.85
  },
  "Espanyol": {
    "elo_today": 1637.01,
    "elo_7d": 1640.97,
    "elo_14d": 1650.05,
    "elo_30d": 1666.48
  },
  "Getafe": {
    "elo_today": 1625.89,
    "elo_7d": 1634.54,
    "elo_14d": 1645.06,
    "elo_30d": 1662.34
  },
  "Leganes": {
    "elo_today": 1585.0,
    "elo_7d": 1589.81,
    "elo_14d": 1582.42,
    "elo_30d": 1581.21
  },
  "LasPalmas": {
    "elo_today": 1583.07,
    "elo_7d": 1588.16,
    "elo_14d": 1597.76,
    "elo_30d": 1615.53
  },
  "Valladolid": {
    "elo_today": 1482.18,
    "elo_7d": 1487.77,
    "elo_14d": 1491.75,
    "elo_30d": 1509.31
  },
  "Liverpool": {
    "elo_today": 2008.67,
    "elo_7d": 2010.97,
    "elo_14d": 2008.83,
    "elo_30d": 2014.23
  },
  "Arsenal": {
    "elo_today": 1985.45,
    "elo_7d": 1983.15,
    "elo_14d": 1989.47,
    "elo_30d": 2013.25
  },
  "ManCity": {
    "elo_today": 1945.1,
    "elo_7d": 1945.1,
    "elo_14d": 1950.56,
    "elo_30d": 1939.85
  },
  "Newcastle": {
    "elo_today": 1882.32,
    "elo_7d": 1872.41,
    "elo_14d": 1870.27,
    "elo_30d": 1877.01
  },
  "Chelsea": {
    "elo_today": 1880.42,
    "elo_7d": 1880.42,
    "elo_14d": 1887.67,
    "elo_30d": 1856.16
  },
  "AstonVilla": {
    "elo_today": 1877.14,
    "elo_7d": 1877.14,
    "elo_14d": 1866.84,
    "elo_30d": 1863.13
  },
  "CrystalPalace": {
    "elo_today": 1820.28,
    "elo_7d": 1807.42,
    "elo_14d": 1805.27,
    "elo_30d": 1797.04
  },
  "Brentford": {
    "elo_today": 1820.23,
    "elo_7d": 1820.23,
    "elo_14d": 1813.77,
    "elo_30d": 1789.54
  },
  "Bournemouth": {
    "elo_today": 1806.69,
    "elo_7d": 1814.84,
    "elo_14d": 1812.69,
    "elo_30d": 1797.07
  },
  "Forest": {
    "elo_today": 1799.76,
    "elo_7d": 1806.01,
    "elo_14d": 1803.87,
    "elo_30d": 1803.71
  },
  "Brighton": {
    "elo_today": 1797.83,
    "elo_7d": 1797.83,
    "elo_14d": 1783.6,
    "elo_30d": 1773.73
  },
  "ManUnited": {
    "elo_today": 1797.14,
    "elo_7d": 1797.14,
    "elo_14d": 1801.1,
    "elo_30d": 1797.18
  },
  "Tottenham": {
    "elo_today": 1784.55,
    "elo_7d": 1784.55,
    "elo_14d": 1789.99,
    "elo_30d": 1796.66
  },
  "Everton": {
    "elo_today": 1776.2,
    "elo_7d": 1776.2,
    "elo_14d": 1759.27,
    "elo_30d": 1765.84
  },
  "Fulham": {
    "elo_today": 1776.09,
    "elo_7d": 1776.09,
    "elo_14d": 1788.73,
    "elo_30d": 1794.32
  },
  "WestHam": {
    "elo_today": 1747.89,
    "elo_7d": 1731.84,
    "elo_14d": 1729.69,
    "elo_30d": 1731.68
  },
  "Wolves": {
    "elo_today": 1739.45,
    "elo_7d": 1739.45,
    "elo_14d": 1749.4,
    "elo_30d": 1731.58
  },
  "Leicester": {
    "elo_today": 1611.09,
    "elo_7d": 1611.09,
    "elo_14d": 1602.7,
    "elo_30d": 1598.74
  },
  "Ipswich": {
    "elo_today": 1605.94,
    "elo_7d": 1605.94,
    "elo_14d": 1608.11,
    "elo_30d": 1605.32
  },
  "Southampton": {
    "elo_today": 1557.66,
    "elo_7d": 1557.66,
    "elo_14d": 1547.91,
    "elo_30d": 1550.29
  },
  "Inter": {
    "elo_today": 1958.82,
    "elo_7d": 1953.79,
    "elo_14d": 1955.92,
    "elo_30d": 1966.91
  },
  "Atalanta": {
    "elo_today": 1858.67,
    "elo_7d": 1852.7,
    "elo_14d": 1854.83,
    "elo_30d": 1848.11
  },
  "Napoli": {
    "elo_today": 1845.97,
    "elo_7d": 1845.97,
    "elo_14d": 1854.23,
    "elo_30d": 1840.76
  },
  "Roma": {
    "elo_today": 1807.03,
    "elo_7d": 1812.99,
    "elo_14d": 1815.12,
    "elo_30d": 1793.74
  },
  "Juventus": {
    "elo_today": 1802.87,
    "elo_7d": 1802.87,
    "elo_14d": 1804.19,
    "elo_30d": 1811.1
  },
  "Milan": {
    "elo_today": 1799.16,
    "elo_7d": 1799.16,
    "elo_14d": 1791.45,
    "elo_30d": 1784.97
  },
  "Lazio": {
    "elo_today": 1784.6,
    "elo_7d": 1784.6,
    "elo_14d": 1787.55,
    "elo_30d": 1777.82
  },
  "Bologna": {
    "elo_today": 1781.7,
    "elo_7d": 1781.7,
    "elo_14d": 1793.68,
    "elo_30d": 1795.77
  },
  "Fiorentina": {
    "elo_today": 1748.7,
    "elo_7d": 1760.57,
    "elo_14d": 1769.86,
    "elo_30d": 1769.41
  },
  "Torino": {
    "elo_today": 1700.02,
    "elo_7d": 1705.06,
    "elo_14d": 1707.19,
    "elo_30d": 1708.18
  },
  "Como": {
    "elo_today": 1658.42,
    "elo_7d": 1658.42,
    "elo_14d": 1652.18,
    "elo_30d": 1633.92
  },
  "Genoa": {
    "elo_today": 1656.33,
    "elo_7d": 1656.33,
    "elo_14d": 1652.33,
    "elo_30d": 1673.41
  },
  "Udinese": {
    "elo_today": 1636.57,
    "elo_7d": 1636.57,
    "elo_14d": 1651.0,
    "elo_30d": 1644.9
  },
  "Cagliari": {
    "elo_today": 1600.04,
    "elo_7d": 1600.04,
    "elo_14d": 1610.55,
    "elo_30d": 1608.97
  },
  "Verona": {
    "elo_today": 1590.46,
    "elo_7d": 1592.65,
    "elo_14d": 1594.78,
    "elo_30d": 1607.27
  },
  "Parma": {
    "elo_today": 1587.81,
    "elo_7d": 1587.81,
    "elo_14d": 1597.5,
    "elo_30d": 1585.1
  },
  "Empoli": {
    "elo_today": 1580.86,
    "elo_7d": 1580.86,
    "elo_14d": 1575.44,
    "elo_30d": 1582.23
  },
  "Venezia": {
    "elo_today": 1577.94,
    "elo_7d": 1566.07,
    "elo_14d": 1568.2,
    "elo_30d": 1565.16
  },
  "Lecce": {
    "elo_today": 1563.71,
    "elo_7d": 1561.53,
    "elo_14d": 1563.66,
    "elo_30d": 1570.94
  },
  "Monza": {
    "elo_today": 1539.23,
    "elo_7d": 1526.93,
    "elo_14d": 1529.06,
    "elo_30d": 1537.33
  },
  "ParisSG": {
    "elo_today": 1948.38,
    "elo_7d": 1948.38,
    "elo_14d": 1935.11,
    "elo_30d": 1964.5
  },
  "Monaco": {
    "elo_today": 1774.4,
    "elo_7d": 1774.4,
    "elo_14d": 1763.09,
    "elo_30d": 1759.79
  },
  "Lille": {
    "elo_today": 1772.78,
    "elo_7d": 1772.78,
    "elo_14d": 1783.29,
    "elo_30d": 1773.63
  },
  "Marseille": {
    "elo_today": 1743.63,
    "elo_7d": 1743.63,
    "elo_14d": 1734.42,
    "elo_30d": 1713.6
  },
  "Lyon": {
    "elo_today": 1734.61,
    "elo_7d": 1734.61,
    "elo_14d": 1740.12,
    "elo_30d": 1753.11
  },
  "Strasbourg": {
    "elo_today": 1714.25,
    "elo_7d": 1714.25,
    "elo_14d": 1723.24,
    "elo_30d": 1703.24
  },
  "Nice": {
    "elo_today": 1698.52,
    "elo_7d": 1698.52,
    "elo_14d": 1707.29,
    "elo_30d": 1674.27
  },
  "Brest": {
    "elo_today": 1688.52,
    "elo_7d": 1688.52,
    "elo_14d": 1672.21,
    "elo_30d": 1690.14
  },
  "Lens": {
    "elo_today": 1668.26,
    "elo_7d": 1668.26,
    "elo_14d": 1664.62,
    "elo_30d": 1657.34
  },
  "Rennes": {
    "elo_today": 1663.69,
    "elo_7d": 1663.69,
    "elo_14d": 1649.13,
    "elo_30d": 1661.42
  },
  "Toulouse": {
    "elo_today": 1640.94,
    "elo_7d": 1640.94,
    "elo_14d": 1638.78,
    "elo_30d": 1636.32
  },
  "Auxerre": {
    "elo_today": 1624.61,
    "elo_7d": 1624.61,
    "elo_14d": 1624.78,
    "elo_30d": 1616.43
  },
  "Reims": {
    "elo_today": 1586.42,
    "elo_7d": 1586.42,
    "elo_14d": 1599.94,
    "elo_30d": 1594.98
  },
  "Nantes": {
    "elo_today": 1572.35,
    "elo_7d": 1572.35,
    "elo_14d": 1566.38,
    "elo_30d": 1566.72
  },
  "Angers": {
    "elo_today": 1535.58,
    "elo_7d": 1535.58,
    "elo_14d": 1520.8,
    "elo_30d": 1514.22
  },
  "LeHavre": {
    "elo_today": 1533.61,
    "elo_7d": 1533.61,
    "elo_14d": 1537.03,
    "elo_30d": 1517.14
  },
  "Saint-Etienne": {
    "elo_today": 1533.12,
    "elo_7d": 1533.12,
    "elo_14d": 1513.8,
    "elo_30d": 1507.08
  },
  "Montpellier": {
    "elo_today": 1492.39,
    "elo_7d": 1492.39,
    "elo_14d": 1491.4,
    "elo_30d": 1494.14
  },
  "Bayern": {
    "elo_today": 1914.38,
    "elo_7d": 1914.38,
    "elo_14d": 1911.65,
    "elo_30d": 1907.86
  },
  "Leverkusen": {
    "elo_today": 1851.95,
    "elo_7d": 1851.95,
    "elo_14d": 1867.12,
    "elo_30d": 1873.36
  },
  "Dortmund": {
    "elo_today": 1815.12,
    "elo_7d": 1815.12,
    "elo_14d": 1799.95,
    "elo_30d": 1788.12
  },
  "Frankfurt": {
    "elo_today": 1734.56,
    "elo_7d": 1734.56,
    "elo_14d": 1739.47,
    "elo_30d": 1725.93
  },
  "RBLeipzig": {
    "elo_today": 1725.62,
    "elo_7d": 1725.62,
    "elo_14d": 1726.35,
    "elo_30d": 1736.74
  },
  "Stuttgart": {
    "elo_today": 1710.07,
    "elo_7d": 1710.07,
    "elo_14d": 1698.77,
    "elo_30d": 1705.18
  },
  "Mainz": {
    "elo_today": 1703.02,
    "elo_7d": 1703.02,
    "elo_14d": 1694.55,
    "elo_30d": 1698.86
  },
  "Freiburg": {
    "elo_today": 1695.54,
    "elo_7d": 1695.54,
    "elo_14d": 1690.38,
    "elo_30d": 1677.89
  },
  "Werder": {
    "elo_today": 1666.4,
    "elo_7d": 1666.4,
    "elo_14d": 1665.67,
    "elo_30d": 1668.98
  },
  "Gladbach": {
    "elo_today": 1641.34,
    "elo_7d": 1641.34,
    "elo_14d": 1644.07,
    "elo_30d": 1660.71
  },
  "Wolfsburg": {
    "elo_today": 1636.86,
    "elo_7d": 1636.86,
    "elo_14d": 1638.71,
    "elo_30d": 1654.46
  },
  "Augsburg": {
    "elo_today": 1628.3,
    "elo_7d": 1628.3,
    "elo_14d": 1639.6,
    "elo_30d": 1660.62
  },
  "Hoffenheim": {
    "elo_today": 1610.46,
    "elo_7d": 1610.46,
    "elo_14d": 1608.61,
    "elo_30d": 1610.94
  },
  "UnionBerlin": {
    "elo_today": 1607.53,
    "elo_7d": 1607.53,
    "elo_14d": 1626.8,
    "elo_30d": 1628.44
  },
  "StPauli": {
    "elo_today": 1592.58,
    "elo_7d": 1592.58,
    "elo_14d": 1587.66,
    "elo_30d": 1584.65
  },
  "Heidenheim": {
    "elo_today": 1569.78,
    "elo_7d": 1569.78,
    "elo_14d": 1550.51,
    "elo_30d": 1542.84
  },
  "Holstein": {
    "elo_today": 1540.36,
    "elo_7d": 1540.36,
    "elo_14d": 1545.52,
    "elo_30d": 1511.52
  },
  "Bochum": {
    "elo_today": 1524.26,
    "elo_7d": 1524.26,
    "elo_14d": 1532.73,
    "elo_30d": 1533.21
  }
}