{
  "Arsenal": {
    "points": 0,
    "position": 0,
    "wins": 0,
    "draws": 0,
    "losses": 0,
    "goals_for": 0,
    "goals_against": 0,
    "xG": 1.58,
    "xGA": 0,
    "matches_played": 38,
    "minutes": 0,
    "goals": 1.76,
    "assists": 1.45
  },
  "Aston Villa": {
    "points": 0,
    "position": 0,
    "wins": 0,
    "draws": 0,
    "losses": 0,
    "goals_for": 0,
    "goals_against": 0,
    "xG": 1.48,
    "xGA": 0,
    "matches_played": 38,
    "minutes": 0,
    "goals": 1.47,
    "assists": 1.18
  },
  "Bournemouth": {
    "points": 0,
    "position": 0,
    "wins": 0,
    "draws": 0,
    "losses": 0,
    "goals_for": 0,
    "goals_against": 0,
    "xG": 1.68,
    "xGA": 0,
    "matches_played": 38,
    "minutes": 0,
    "goals": 1.5,
    "assists": 1.08
  },
  "Brentford": {
    "points": 0,
    "position": 0,
    "wins": 0,
    "draws": 0,
    "losses": 0,
    "goals_for": 0,
    "goals_against": 0,
    "xG": 1.55,
    "xGA": 0,
    "matches_played": 38,
    "minutes": 0,
    "goals": 1.71,
    "assists": 1.16
  },
  "Brighton": {
    "points": 0,
    "position": 0,
    "wins": 0,
    "draws": 0,
    "losses": 0,
    "goals_for": 0,
    "goals_against": 0,
    "xG": 1.54,
    "xGA": 0,
    "matches_played": 38,
    "minutes": 0,
    "goals": 1.68,
    "assists": 1.08
  },
  "Chelsea": {
    "points": 0,
    "position": 0,
    "wins": 0,
    "draws": 0,
    "losses": 0,
    "goals_for": 0,
    "goals_against": 0,
    "xG": 1.78,
    "xGA": 0,
    "matches_played": 38,
    "minutes": 0,
    "goals": 1.61,
    "assists": 1.24
  },
  "Crystal Palace": {
    "points": 0,
    "position": 0,
    "wins": 0,
    "draws": 0,
    "losses": 0,
    "goals_for": 0,
    "goals_against": 0,
    "xG": 1.59,
    "xGA": 0,
    "matches_played": 38,
    "minutes": 0,
    "goals": 1.29,
    "assists": 1.0
  },
  "Everton": {
    "points": 0,
    "position": 0,
    "wins": 0,
    "draws": 0,
    "losses": 0,
    "goals_for": 0,
    "goals_against": 0,
    "xG": 1.1,
    "xGA": 0,
    "matches_played": 38,
    "minutes": 0,
    "goals": 1.03,
    "assists": 0.71
  },
  "Fulham": {
    "points": 0,
    "position": 0,
    "wins": 0,
    "draws": 0,
    "losses": 0,
    "goals_for": 0,
    "goals_against": 0,
    "xG": 1.29,
    "xGA": 0,
    "matches_played": 38,
    "minutes": 0,
    "goals": 1.39,
    "assists": 1.16
  },
  "Ipswich Town": {
    "points": 0,
    "position": 0,
    "wins": 0,
    "draws": 0,
    "losses": 0,
    "goals_for": 0,
    "goals_against": 0,
    "xG": 0.9,
    "xGA": 0,
    "matches_played": 38,
    "minutes": 0,
    "goals": 0.92,
    "assists": 0.68
  },
  "Leicester City": {
    "points": 0,
    "position": 0,
    "wins": 0,
    "draws": 0,
    "losses": 0,
    "goals_for": 0,
    "goals_against": 0,
    "xG": 0.86,
    "xGA": 0,
    "matches_played": 38,
    "minutes": 0,
    "goals": 0.87,
    "assists": 0.66
  },
  "Liverpool": {
    "points": 0,
    "position": 0,
    "wins": 0,
    "draws": 0,
    "losses": 0,
    "goals_for": 0,
    "goals_against": 0,
    "xG": 2.16,
    "xGA": 0,
    "matches_played": 38,
    "minutes": 0,
    "goals": 2.24,
    "assists": 1.71
  },
  "Manchester City": {
    "points": 0,
    "position": 0,
    "wins": 0,
    "draws": 0,
    "losses": 0,
    "goals_for": 0,
    "goals_against": 0,
    "xG": 1.79,
    "xGA": 0,
    "matches_played": 38,
    "minutes": 0,
    "goals": 1.87,
    "assists": 1.34
  },
  "Manchester Utd": {
    "points": 0,
    "position": 0,
    "wins": 0,
    "draws": 0,
    "losses": 0,
    "goals_for": 0,
    "goals_against": 0,
    "xG": 1.38,
    "xGA": 0,
    "matches_played": 38,
    "minutes": 0,
    "goals": 1.11,
    "assists": 0.76
  },
  "Newcastle Utd": {
    "points": 0,
    "position": 0,
    "wins": 0,
    "draws": 0,
    "losses": 0,
    "goals_for": 0,
    "goals_against": 0,
    "xG": 1.68,
    "xGA": 0,
    "matches_played": 38,
    "minutes": 0,
    "goals": 1.74,
    "assists": 1.32
  },
  "Nott'ham Forest": {
    "points": 0,
    "position": 0,
    "wins": 0,
    "draws": 0,
    "losses": 0,
    "goals_for": 0,
    "goals_against": 0,
    "xG": 1.2,
    "xGA": 0,
    "matches_played": 38,
    "minutes": 0,
    "goals": 1.5,
    "assists": 1.11
  },
  "Southampton": {
    "points": 0,
    "position": 0,
    "wins": 0,
    "draws": 0,
    "losses": 0,
    "goals_for": 0,
    "goals_against": 0,
    "xG": 0.86,
    "xGA": 0,
    "matches_played": 38,
    "minutes": 0,
    "goals": 0.66,
    "assists": 0.42
  },
  "Tottenham": {
    "points": 0,
    "position": 0,
    "wins": 0,
    "draws": 0,
    "losses": 0,
    "goals_for": 0,
    "goals_against": 0,
    "xG": 1.55,
    "xGA": 0,
    "matches_played": 38,
    "minutes": 0,
    "goals": 1.61,
    "assists": 1.24
  },
  "West Ham": {
    "points": 0,
    "position": 0,
    "wins": 0,
    "draws": 0,
    "losses": 0,
    "goals_for": 0,
    "goals_against": 0,
    "xG": 1.24,
    "xGA": 0,
    "matches_played": 38,
    "minutes": 0,
    "goals": 1.13,
    "assists": 0.76
  },
  "Wolves": {
    "points": 0,
    "position": 0,
    "wins": 0,
    "draws": 0,
    "losses": 0,
    "goals_for": 0,
    "goals_against": 0,
    "xG": 1.15,
    "xGA": 0,
    "matches_played": 38,
    "minutes": 0,
    "goals": 1.39,
    "assists": 1.11
  }
}