{
  "Arsenal": {
    "league": "Premier League",
    "league_key": "Premier_League",
    "points": 0,
    "position": 0,
    "wins": 0,
    "draws": 0,
    "losses": 0,
    "goals_for": 0,
    "goals_against": 0,
    "xG": 1.58,
    "xGA": 0,
    "matches_played": 38,
    "minutes": 3420,
    "goals": 1.76,
    "assists": 1.45,
    "possession": 56.9
  },
  "Aston Villa": {
    "league": "Premier League",
    "league_key": "Premier_League",
    "points": 0,
    "position": 0,
    "wins": 0,
    "draws": 0,
    "losses": 0,
    "goals_for": 0,
    "goals_against": 0,
    "xG": 1.48,
    "xGA": 0,
    "matches_played": 38,
    "minutes": 3420,
    "goals": 1.47,
    "assists": 1.18,
    "possession": 50.5
  },
  "Bournemouth": {
    "league": "Premier League",
    "league_key": "Premier_League",
    "points": 0,
    "position": 0,
    "wins": 0,
    "draws": 0,
    "losses": 0,
    "goals_for": 0,
    "goals_against": 0,
    "xG": 1.68,
    "xGA": 0,
    "matches_played": 38,
    "minutes": 3420,
    "goals": 1.5,
    "assists": 1.08,
    "possession": 48.5
  },
  "Brentford": {
    "league": "Premier League",
    "league_key": "Premier_League",
    "points": 0,
    "position": 0,
    "wins": 0,
    "draws": 0,
    "losses": 0,
    "goals_for": 0,
    "goals_against": 0,
    "xG": 1.55,
    "xGA": 0,
    "matches_played": 38,
    "minutes": 3420,
    "goals": 1.71,
    "assists": 1.16,
    "possession": 47.9
  },
  "Brighton": {
    "league": "Premier League",
    "league_key": "Premier_League",
    "points": 0,
    "position": 0,
    "wins": 0,
    "draws": 0,
    "losses": 0,
    "goals_for": 0,
    "goals_against": 0,
    "xG": 1.54,
    "xGA": 0,
    "matches_played": 38,
    "minutes": 3420,
    "goals": 1.68,
    "assists": 1.08,
    "possession": 52.3
  },
  "Chelsea": {
    "league": "Premier League",
    "league_key": "Premier_League",
    "points": 0,
    "position": 0,
    "wins": 0,
    "draws": 0,
    "losses": 0,
    "goals_for": 0,
    "goals_against": 0,
    "xG": 1.78,
    "xGA": 0,
    "matches_played": 38,
    "minutes": 3420,
    "goals": 1.61,
    "assists": 1.24,
    "possession": 57.1
  },
  "Crystal Palace": {
    "league": "Premier League",
    "league_key": "Premier_League",
    "points": 0,
    "position": 0,
    "wins": 0,
    "draws": 0,
    "losses": 0,
    "goals_for": 0,
    "goals_against": 0,
    "xG": 1.59,
    "xGA": 0,
    "matches_played": 38,
    "minutes": 3420,
    "goals": 1.29,
    "assists": 1.0,
    "possession": 42.8
  },
  "Everton": {
    "league": "Premier League",
    "league_key": "Premier_League",
    "points": 0,
    "position": 0,
    "wins": 0,
    "draws": 0,
    "losses": 0,
    "goals_for": 0,
    "goals_against": 0,
    "xG": 1.1,
    "xGA": 0,
    "matches_played": 38,
    "minutes": 3420,
    "goals": 1.03,
    "assists": 0.71,
    "possession": 40.9
  },
  "Fulham": {
    "league": "Premier League",
    "league_key": "Premier_League",
    "points": 0,
    "position": 0,
    "wins": 0,
    "draws": 0,
    "losses": 0,
    "goals_for": 0,
    "goals_against": 0,
    "xG": 1.29,
    "xGA": 0,
    "matches_played": 38,
    "minutes": 3420,
    "goals": 1.39,
    "assists": 1.16,
    "possession": 52.3
  },
  "Ipswich Town": {
    "league": "Premier League",
    "league_key": "Premier_League",
    "points": 0,
    "position": 0,
    "wins": 0,
    "draws": 0,
    "losses": 0,
    "goals_for": 0,
    "goals_against": 0,
    "xG": 0.9,
    "xGA": 0,
    "matches_played": 38,
    "minutes": 3420,
    "goals": 0.92,
    "assists": 0.68,
    "possession": 40.6
  },
  "Leicester City": {
    "league": "Premier League",
    "league_key": "Premier_League",
    "points": 0,
    "position": 0,
    "wins": 0,
    "draws": 0,
    "losses": 0,
    "goals_for": 0,
    "goals_against": 0,
    "xG": 0.86,
    "xGA": 0,
    "matches_played": 38,
    "minutes": 3420,
    "goals": 0.87,
    "assists": 0.66,
    "possession": 45.4
  },
  "Liverpool": {
    "league": "Premier League",
    "league_key": "Premier_League",
    "points": 0,
    "position": 0,
    "wins": 0,
    "draws": 0,
    "losses": 0,
    "goals_for": 0,
    "goals_against": 0,
    "xG": 2.16,
    "xGA": 0,
    "matches_played": 38,
    "minutes": 3420,
    "goals": 2.24,
    "assists": 1.71,
    "possession": 57.7
  },
  "Manchester City": {
    "league": "Premier League",
    "league_key": "Premier_League",
    "points": 0,
    "position": 0,
    "wins": 0,
    "draws": 0,
    "losses": 0,
    "goals_for": 0,
    "goals_against": 0,
    "xG": 1.79,
    "xGA": 0,
    "matches_played": 38,
    "minutes": 3420,
    "goals": 1.87,
    "assists": 1.34,
    "possession": 61.3
  },
  "Manchester Utd": {
    "league": "Premier League",
    "league_key": "Premier_League",
    "points": 0,
    "position": 0,
    "wins": 0,
    "draws": 0,
    "losses": 0,
    "goals_for": 0,
    "goals_against": 0,
    "xG": 1.38,
    "xGA": 0,
    "matches_played": 38,
    "minutes": 3420,
    "goals": 1.11,
    "assists": 0.76,
    "possession": 53.5
  },
  "Newcastle Utd": {
    "league": "Premier League",
    "league_key": "Premier_League",
    "points": 0,
    "position": 0,
    "wins": 0,
    "draws": 0,
    "losses": 0,
    "goals_for": 0,
    "goals_against": 0,
    "xG": 1.68,
    "xGA": 0,
    "matches_played": 38,
    "minutes": 3420,
    "goals": 1.74,
    "assists": 1.32,
    "possession": 51.3
  },
  "Nott'ham Forest": {
    "league": "Premier League",
    "league_key": "Premier_League",
    "points": 0,
    "position": 0,
    "wins": 0,
    "draws": 0,
    "losses": 0,
    "goals_for": 0,
    "goals_against": 0,
    "xG": 1.2,
    "xGA": 0,
    "matches_played": 38,
    "minutes": 3420,
    "goals": 1.5,
    "assists": 1.11,
    "possession": 41.2
  },
  "Southampton": {
    "league": "Premier League",
    "league_key": "Premier_League",
    "points": 0,
    "position": 0,
    "wins": 0,
    "draws": 0,
    "losses": 0,
    "goals_for": 0,
    "goals_against": 0,
    "xG": 0.86,
    "xGA": 0,
    "matches_played": 38,
    "minutes": 3420,
    "goals": 0.66,
    "assists": 0.42,
    "possession": 48.5
  },
  "Tottenham": {
    "league": "Premier League",
    "league_key": "Premier_League",
    "points": 0,
    "position": 0,
    "wins": 0,
    "draws": 0,
    "losses": 0,
    "goals_for": 0,
    "goals_against": 0,
    "xG": 1.55,
    "xGA": 0,
    "matches_played": 38,
    "minutes": 3420,
    "goals": 1.61,
    "assists": 1.24,
    "possession": 54.7
  },
  "West Ham": {
    "league": "Premier League",
    "league_key": "Premier_League",
    "points": 0,
    "position": 0,
    "wins": 0,
    "draws": 0,
    "losses": 0,
    "goals_for": 0,
    "goals_against": 0,
    "xG": 1.24,
    "xGA": 0,
    "matches_played": 38,
    "minutes": 3420,
    "goals": 1.13,
    "assists": 0.76,
    "possession": 48.4
  },
  "Wolves": {
    "league": "Premier League",
    "league_key": "Premier_League",
    "points": 0,
    "position": 0,
    "wins": 0,
    "draws": 0,
    "losses": 0,
    "goals_for": 0,
    "goals_against": 0,
    "xG": 1.15,
    "xGA": 0,
    "matches_played": 38,
    "minutes": 3420,
    "goals": 1.39,
    "assists": 1.11,
    "possession": 48.1
  },
  "Alavés": {
    "league": "La Liga",
    "league_key": "La_Liga",
    "points": 0,
    "position": 0,
    "wins": 0,
    "draws": 0,
    "losses": 0,
    "goals_for": 0,
    "goals_against": 0,
    "xG": 1.13,
    "xGA": 0,
    "matches_played": 38,
    "minutes": 3420,
    "goals": 1.0,
    "assists": 0.53,
    "possession": 45.3
  },
  "Athletic Club": {
    "league": "La Liga",
    "league_key": "La_Liga",
    "points": 0,
    "position": 0,
    "wins": 0,
    "draws": 0,
    "losses": 0,
    "goals_for": 0,
    "goals_against": 0,
    "xG": 1.39,
    "xGA": 0,
    "matches_played": 38,
    "minutes": 3420,
    "goals": 1.39,
    "assists": 1.05,
    "possession": 48.4
  },
  "Atlético Madrid": {
    "league": "La Liga",
    "league_key": "La_Liga",
    "points": 0,
    "position": 0,
    "wins": 0,
    "draws": 0,
    "losses": 0,
    "goals_for": 0,
    "goals_against": 0,
    "xG": 1.7,
    "xGA": 0,
    "matches_played": 38,
    "minutes": 3420,
    "goals": 1.79,
    "assists": 1.34,
    "possession": 52.6
  },
  "Barcelona": {
    "league": "La Liga",
    "league_key": "La_Liga",
    "points": 0,
    "position": 0,
    "wins": 0,
    "draws": 0,
    "losses": 0,
    "goals_for": 0,
    "goals_against": 0,
    "xG": 2.41,
    "xGA": 0,
    "matches_played": 38,
    "minutes": 3420,
    "goals": 2.61,
    "assists": 1.89,
    "possession": 68.3
  },
  "Betis": {
    "league": "La Liga",
    "league_key": "La_Liga",
    "points": 0,
    "position": 0,
    "wins": 0,
    "draws": 0,
    "losses": 0,
    "goals_for": 0,
    "goals_against": 0,
    "xG": 1.44,
    "xGA": 0,
    "matches_played": 38,
    "minutes": 3420,
    "goals": 1.45,
    "assists": 0.97,
    "possession": 52.4
  },
  "Celta Vigo": {
    "league": "La Liga",
    "league_key": "La_Liga",
    "points": 0,
    "position": 0,
    "wins": 0,
    "draws": 0,
    "losses": 0,
    "goals_for": 0,
    "goals_against": 0,
    "xG": 1.43,
    "xGA": 0,
    "matches_played": 38,
    "minutes": 3420,
    "goals": 1.53,
    "assists": 1.05,
    "possession": 53.6
  },
  "Espanyol": {
    "league": "La Liga",
    "league_key": "La_Liga",
    "points": 0,
    "position": 0,
    "wins": 0,
    "draws": 0,
    "losses": 0,
    "goals_for": 0,
    "goals_against": 0,
    "xG": 0.91,
    "xGA": 0,
    "matches_played": 38,
    "minutes": 3420,
    "goals": 1.0,
    "assists": 0.71,
    "possession": 39.8
  },
  "Getafe": {
    "league": "La Liga",
    "league_key": "La_Liga",
    "points": 0,
    "position": 0,
    "wins": 0,
    "draws": 0,
    "losses": 0,
    "goals_for": 0,
    "goals_against": 0,
    "xG": 0.97,
    "xGA": 0,
    "matches_played": 38,
    "minutes": 3420,
    "goals": 0.89,
    "assists": 0.55,
    "possession": 41.8
  },
  "Girona": {
    "league": "La Liga",
    "league_key": "La_Liga",
    "points": 0,
    "position": 0,
    "wins": 0,
    "draws": 0,
    "losses": 0,
    "goals_for": 0,
    "goals_against": 0,
    "xG": 1.12,
    "xGA": 0,
    "matches_played": 38,
    "minutes": 3420,
    "goals": 1.13,
    "assists": 0.82,
    "possession": 56.3
  },
  "Las Palmas": {
    "league": "La Liga",
    "league_key": "La_Liga",
    "points": 0,
    "position": 0,
    "wins": 0,
    "draws": 0,
    "losses": 0,
    "goals_for": 0,
    "goals_against": 0,
    "xG": 0.96,
    "xGA": 0,
    "matches_played": 38,
    "minutes": 3420,
    "goals": 1.0,
    "assists": 0.71,
    "possession": 50.7
  },
  "Leganés": {
    "league": "La Liga",
    "league_key": "La_Liga",
    "points": 0,
    "position": 0,
    "wins": 0,
    "draws": 0,
    "losses": 0,
    "goals_for": 0,
    "goals_against": 0,
    "xG": 0.95,
    "xGA": 0,
    "matches_played": 38,
    "minutes": 3420,
    "goals": 1.0,
    "assists": 0.71,
    "possession": 42.6
  },
  "Mallorca": {
    "league": "La Liga",
    "league_key": "La_Liga",
    "points": 0,
    "position": 0,
    "wins": 0,
    "draws": 0,
    "losses": 0,
    "goals_for": 0,
    "goals_against": 0,
    "xG": 1.02,
    "xGA": 0,
    "matches_played": 38,
    "minutes": 3420,
    "goals": 0.89,
    "assists": 0.63,
    "possession": 46.8
  },
  "Osasuna": {
    "league": "La Liga",
    "league_key": "La_Liga",
    "points": 0,
    "position": 0,
    "wins": 0,
    "draws": 0,
    "losses": 0,
    "goals_for": 0,
    "goals_against": 0,
    "xG": 1.16,
    "xGA": 0,
    "matches_played": 38,
    "minutes": 3420,
    "goals": 1.21,
    "assists": 0.74,
    "possession": 46.1
  },
  "Rayo Vallecano": {
    "league": "La Liga",
    "league_key": "La_Liga",
    "points": 0,
    "position": 0,
    "wins": 0,
    "draws": 0,
    "losses": 0,
    "goals_for": 0,
    "goals_against": 0,
    "xG": 1.2,
    "xGA": 0,
    "matches_played": 38,
    "minutes": 3420,
    "goals": 1.0,
    "assists": 0.71,
    "possession": 51.7
  },
  "Real Madrid": {
    "league": "La Liga",
    "league_key": "La_Liga",
    "points": 0,
    "position": 0,
    "wins": 0,
    "draws": 0,
    "losses": 0,
    "goals_for": 0,
    "goals_against": 0,
    "xG": 1.98,
    "xGA": 0,
    "matches_played": 38,
    "minutes": 3420,
    "goals": 2.05,
    "assists": 1.45,
    "possession": 60.4
  },
  "Real Sociedad": {
    "league": "La Liga",
    "league_key": "La_Liga",
    "points": 0,
    "position": 0,
    "wins": 0,
    "draws": 0,
    "losses": 0,
    "goals_for": 0,
    "goals_against": 0,
    "xG": 1.12,
    "xGA": 0,
    "matches_played": 38,
    "minutes": 3420,
    "goals": 0.89,
    "assists": 0.58,
    "possession": 53.8
  },
  "Sevilla": {
    "league": "La Liga",
    "league_key": "La_Liga",
    "points": 0,
    "position": 0,
    "wins": 0,
    "draws": 0,
    "losses": 0,
    "goals_for": 0,
    "goals_against": 0,
    "xG": 1.12,
    "xGA": 0,
    "matches_played": 38,
    "minutes": 3420,
    "goals": 1.03,
    "assists": 0.84,
    "possession": 50.5
  },
  "Valencia": {
    "league": "La Liga",
    "league_key": "La_Liga",
    "points": 0,
    "position": 0,
    "wins": 0,
    "draws": 0,
    "losses": 0,
    "goals_for": 0,
    "goals_against": 0,
    "xG": 1.14,
    "xGA": 0,
    "matches_played": 38,
    "minutes": 3420,
    "goals": 1.13,
    "assists": 0.68,
    "possession": 48.4
  },
  "Valladolid": {
    "league": "La Liga",
    "league_key": "La_Liga",
    "points": 0,
    "position": 0,
    "wins": 0,
    "draws": 0,
    "losses": 0,
    "goals_for": 0,
    "goals_against": 0,
    "xG": 0.91,
    "xGA": 0,
    "matches_played": 38,
    "minutes": 3420,
    "goals": 0.68,
    "assists": 0.39,
    "possession": 42.8
  },
  "Villarreal": {
    "league": "La Liga",
    "league_key": "La_Liga",
    "points": 0,
    "position": 0,
    "wins": 0,
    "draws": 0,
    "losses": 0,
    "goals_for": 0,
    "goals_against": 0,
    "xG": 1.71,
    "xGA": 0,
    "matches_played": 38,
    "minutes": 3420,
    "goals": 1.82,
    "assists": 1.34,
    "possession": 47.6
  },
  "Augsburg": {
    "league": "Bundesliga",
    "league_key": "Bundesliga",
    "points": 0,
    "position": 0,
    "wins": 0,
    "draws": 0,
    "losses": 0,
    "goals_for": 0,
    "goals_against": 0,
    "xG": 1.02,
    "xGA": 0,
    "matches_played": 34,
    "minutes": 3060,
    "goals": 1.03,
    "assists": 0.76,
    "possession": 44.3
  },
  "Bayern Munich": {
    "league": "Bundesliga",
    "league_key": "Bundesliga",
    "points": 0,
    "position": 0,
    "wins": 0,
    "draws": 0,
    "losses": 0,
    "goals_for": 0,
    "goals_against": 0,
    "xG": 2.4,
    "xGA": 0,
    "matches_played": 34,
    "minutes": 3060,
    "goals": 2.82,
    "assists": 1.94,
    "possession": 67.9
  },
  "Bochum": {
    "league": "Bundesliga",
    "league_key": "Bundesliga",
    "points": 0,
    "position": 0,
    "wins": 0,
    "draws": 0,
    "losses": 0,
    "goals_for": 0,
    "goals_against": 0,
    "xG": 1.23,
    "xGA": 0,
    "matches_played": 34,
    "minutes": 3060,
    "goals": 0.94,
    "assists": 0.68,
    "possession": 45.5
  },
  "Dortmund": {
    "league": "Bundesliga",
    "league_key": "Bundesliga",
    "points": 0,
    "position": 0,
    "wins": 0,
    "draws": 0,
    "losses": 0,
    "goals_for": 0,
    "goals_against": 0,
    "xG": 1.8,
    "xGA": 0,
    "matches_played": 34,
    "minutes": 3060,
    "goals": 2.03,
    "assists": 1.65,
    "possession": 58.9
  },
  "Eint Frankfurt": {
    "league": "Bundesliga",
    "league_key": "Bundesliga",
    "points": 0,
    "position": 0,
    "wins": 0,
    "draws": 0,
    "losses": 0,
    "goals_for": 0,
    "goals_against": 0,
    "xG": 1.91,
    "xGA": 0,
    "matches_played": 34,
    "minutes": 3060,
    "goals": 2.0,
    "assists": 1.38,
    "possession": 49.7
  },
  "Freiburg": {
    "league": "Bundesliga",
    "league_key": "Bundesliga",
    "points": 0,
    "position": 0,
    "wins": 0,
    "draws": 0,
    "losses": 0,
    "goals_for": 0,
    "goals_against": 0,
    "xG": 1.3,
    "xGA": 0,
    "matches_played": 34,
    "minutes": 3060,
    "goals": 1.35,
    "assists": 1.03,
    "possession": 48.7
  },
  "Gladbach": {
    "league": "Bundesliga",
    "league_key": "Bundesliga",
    "points": 0,
    "position": 0,
    "wins": 0,
    "draws": 0,
    "losses": 0,
    "goals_for": 0,
    "goals_against": 0,
    "xG": 1.49,
    "xGA": 0,
    "matches_played": 34,
    "minutes": 3060,
    "goals": 1.56,
    "assists": 1.15,
    "possession": 49.6
  },
  "Heidenheim": {
    "league": "Bundesliga",
    "league_key": "Bundesliga",
    "points": 0,
    "position": 0,
    "wins": 0,
    "draws": 0,
    "losses": 0,
    "goals_for": 0,
    "goals_against": 0,
    "xG": 1.18,
    "xGA": 0,
    "matches_played": 34,
    "minutes": 3060,
    "goals": 1.09,
    "assists": 0.76,
    "possession": 43.5
  },
  "Hoffenheim": {
    "league": "Bundesliga",
    "league_key": "Bundesliga",
    "points": 0,
    "position": 0,
    "wins": 0,
    "draws": 0,
    "losses": 0,
    "goals_for": 0,
    "goals_against": 0,
    "xG": 1.25,
    "xGA": 0,
    "matches_played": 34,
    "minutes": 3060,
    "goals": 1.35,
    "assists": 0.88,
    "possession": 48.7
  },
  "Holstein Kiel": {
    "league": "Bundesliga",
    "league_key": "Bundesliga",
    "points": 0,
    "position": 0,
    "wins": 0,
    "draws": 0,
    "losses": 0,
    "goals_for": 0,
    "goals_against": 0,
    "xG": 1.17,
    "xGA": 0,
    "matches_played": 34,
    "minutes": 3060,
    "goals": 1.44,
    "assists": 0.85,
    "possession": 43.6
  },
  "Leverkusen": {
    "league": "Bundesliga",
    "league_key": "Bundesliga",
    "points": 0,
    "position": 0,
    "wins": 0,
    "draws": 0,
    "losses": 0,
    "goals_for": 0,
    "goals_against": 0,
    "xG": 1.67,
    "xGA": 0,
    "matches_played": 34,
    "minutes": 3060,
    "goals": 2.06,
    "assists": 1.56,
    "possession": 59.2
  },
  "Mainz 05": {
    "league": "Bundesliga",
    "league_key": "Bundesliga",
    "points": 0,
    "position": 0,
    "wins": 0,
    "draws": 0,
    "losses": 0,
    "goals_for": 0,
    "goals_against": 0,
    "xG": 1.47,
    "xGA": 0,
    "matches_played": 34,
    "minutes": 3060,
    "goals": 1.56,
    "assists": 1.09,
    "possession": 50.4
  },
  "RB Leipzig": {
    "league": "Bundesliga",
    "league_key": "Bundesliga",
    "points": 0,
    "position": 0,
    "wins": 0,
    "draws": 0,
    "losses": 0,
    "goals_for": 0,
    "goals_against": 0,
    "xG": 1.37,
    "xGA": 0,
    "matches_played": 34,
    "minutes": 3060,
    "goals": 1.5,
    "assists": 1.06,
    "possession": 52.2
  },
  "St. Pauli": {
    "league": "Bundesliga",
    "league_key": "Bundesliga",
    "points": 0,
    "position": 0,
    "wins": 0,
    "draws": 0,
    "losses": 0,
    "goals_for": 0,
    "goals_against": 0,
    "xG": 1.04,
    "xGA": 0,
    "matches_played": 34,
    "minutes": 3060,
    "goals": 0.76,
    "assists": 0.65,
    "possession": 44.2
  },
  "Stuttgart": {
    "league": "Bundesliga",
    "league_key": "Bundesliga",
    "points": 0,
    "position": 0,
    "wins": 0,
    "draws": 0,
    "losses": 0,
    "goals_for": 0,
    "goals_against": 0,
    "xG": 1.83,
    "xGA": 0,
    "matches_played": 34,
    "minutes": 3060,
    "goals": 1.79,
    "assists": 1.32,
    "possession": 57.2
  },
  "Union Berlin": {
    "league": "Bundesliga",
    "league_key": "Bundesliga",
    "points": 0,
    "position": 0,
    "wins": 0,
    "draws": 0,
    "losses": 0,
    "goals_for": 0,
    "goals_against": 0,
    "xG": 1.09,
    "xGA": 0,
    "matches_played": 34,
    "minutes": 3060,
    "goals": 1.06,
    "assists": 0.74,
    "possession": 40.0
  },
  "Werder Bremen": {
    "league": "Bundesliga",
    "league_key": "Bundesliga",
    "points": 0,
    "position": 0,
    "wins": 0,
    "draws": 0,
    "losses": 0,
    "goals_for": 0,
    "goals_against": 0,
    "xG": 1.45,
    "xGA": 0,
    "matches_played": 34,
    "minutes": 3060,
    "goals": 1.56,
    "assists": 1.12,
    "possession": 50.0
  },
  "Wolfsburg": {
    "league": "Bundesliga",
    "league_key": "Bundesliga",
    "points": 0,
    "position": 0,
    "wins": 0,
    "draws": 0,
    "losses": 0,
    "goals_for": 0,
    "goals_against": 0,
    "xG": 1.4,
    "xGA": 0,
    "matches_played": 34,
    "minutes": 3060,
    "goals": 1.56,
    "assists": 1.12,
    "possession": 46.1
  },
  "Atalanta": {
    "league": "Serie A",
    "league_key": "Serie_A",
    "points": 0,
    "position": 0,
    "wins": 0,
    "draws": 0,
    "losses": 0,
    "goals_for": 0,
    "goals_against": 0,
    "xG": 1.71,
    "xGA": 0,
    "matches_played": 38,
    "minutes": 3420,
    "goals": 2.0,
    "assists": 1.42,
    "possession": 55.3
  },
  "Bologna": {
    "league": "Serie A",
    "league_key": "Serie_A",
    "points": 0,
    "position": 0,
    "wins": 0,
    "draws": 0,
    "losses": 0,
    "goals_for": 0,
    "goals_against": 0,
    "xG": 1.3,
    "xGA": 0,
    "matches_played": 38,
    "minutes": 3420,
    "goals": 1.47,
    "assists": 1.13,
    "possession": 58.1
  },
  "Cagliari": {
    "league": "Serie A",
    "league_key": "Serie_A",
    "points": 0,
    "position": 0,
    "wins": 0,
    "draws": 0,
    "losses": 0,
    "goals_for": 0,
    "goals_against": 0,
    "xG": 1.12,
    "xGA": 0,
    "matches_played": 38,
    "minutes": 3420,
    "goals": 1.0,
    "assists": 0.82,
    "possession": 44.9
  },
  "Como": {
    "league": "Serie A",
    "league_key": "Serie_A",
    "points": 0,
    "position": 0,
    "wins": 0,
    "draws": 0,
    "losses": 0,
    "goals_for": 0,
    "goals_against": 0,
    "xG": 1.2,
    "xGA": 0,
    "matches_played": 38,
    "minutes": 3420,
    "goals": 1.16,
    "assists": 1.03,
    "possession": 54.6
  },
  "Empoli": {
    "league": "Serie A",
    "league_key": "Serie_A",
    "points": 0,
    "position": 0,
    "wins": 0,
    "draws": 0,
    "losses": 0,
    "goals_for": 0,
    "goals_against": 0,
    "xG": 0.86,
    "xGA": 0,
    "matches_played": 38,
    "minutes": 3420,
    "goals": 0.82,
    "assists": 0.55,
    "possession": 41.7
  },
  "Fiorentina": {
    "league": "Serie A",
    "league_key": "Serie_A",
    "points": 0,
    "position": 0,
    "wins": 0,
    "draws": 0,
    "losses": 0,
    "goals_for": 0,
    "goals_against": 0,
    "xG": 1.29,
    "xGA": 0,
    "matches_played": 38,
    "minutes": 3420,
    "goals": 1.53,
    "assists": 1.03,
    "possession": 50.4
  },
  "Genoa": {
    "league": "Serie A",
    "league_key": "Serie_A",
    "points": 0,
    "position": 0,
    "wins": 0,
    "draws": 0,
    "losses": 0,
    "goals_for": 0,
    "goals_against": 0,
    "xG": 0.98,
    "xGA": 0,
    "matches_played": 38,
    "minutes": 3420,
    "goals": 0.92,
    "assists": 0.71,
    "possession": 45.6
  },
  "Hellas Verona": {
    "league": "Serie A",
    "league_key": "Serie_A",
    "points": 0,
    "position": 0,
    "wins": 0,
    "draws": 0,
    "losses": 0,
    "goals_for": 0,
    "goals_against": 0,
    "xG": 0.89,
    "xGA": 0,
    "matches_played": 38,
    "minutes": 3420,
    "goals": 0.82,
    "assists": 0.53,
    "possession": 38.7
  },
  "Inter": {
    "league": "Serie A",
    "league_key": "Serie_A",
    "points": 0,
    "position": 0,
    "wins": 0,
    "draws": 0,
    "losses": 0,
    "goals_for": 0,
    "goals_against": 0,
    "xG": 1.76,
    "xGA": 0,
    "matches_played": 38,
    "minutes": 3420,
    "goals": 2.0,
    "assists": 1.5,
    "possession": 59.7
  },
  "Juventus": {
    "league": "Serie A",
    "league_key": "Serie_A",
    "points": 0,
    "position": 0,
    "wins": 0,
    "draws": 0,
    "losses": 0,
    "goals_for": 0,
    "goals_against": 0,
    "xG": 1.34,
    "xGA": 0,
    "matches_played": 38,
    "minutes": 3420,
    "goals": 1.47,
    "assists": 1.05,
    "possession": 57.2
  },
  "Lazio": {
    "league": "Serie A",
    "league_key": "Serie_A",
    "points": 0,
    "position": 0,
    "wins": 0,
    "draws": 0,
    "losses": 0,
    "goals_for": 0,
    "goals_against": 0,
    "xG": 1.51,
    "xGA": 0,
    "matches_played": 38,
    "minutes": 3420,
    "goals": 1.58,
    "assists": 1.13,
    "possession": 55.1
  },
  "Lecce": {
    "league": "Serie A",
    "league_key": "Serie_A",
    "points": 0,
    "position": 0,
    "wins": 0,
    "draws": 0,
    "losses": 0,
    "goals_for": 0,
    "goals_against": 0,
    "xG": 0.91,
    "xGA": 0,
    "matches_played": 38,
    "minutes": 3420,
    "goals": 0.71,
    "assists": 0.55,
    "possession": 43.8
  },
  "Milan": {
    "league": "Serie A",
    "league_key": "Serie_A",
    "points": 0,
    "position": 0,
    "wins": 0,
    "draws": 0,
    "losses": 0,
    "goals_for": 0,
    "goals_against": 0,
    "xG": 1.68,
    "xGA": 0,
    "matches_played": 38,
    "minutes": 3420,
    "goals": 1.55,
    "assists": 1.13,
    "possession": 53.9
  },
  "Monza": {
    "league": "Serie A",
    "league_key": "Serie_A",
    "points": 0,
    "position": 0,
    "wins": 0,
    "draws": 0,
    "losses": 0,
    "goals_for": 0,
    "goals_against": 0,
    "xG": 0.79,
    "xGA": 0,
    "matches_played": 38,
    "minutes": 3420,
    "goals": 0.71,
    "assists": 0.47,
    "possession": 48.5
  },
  "Napoli": {
    "league": "Serie A",
    "league_key": "Serie_A",
    "points": 0,
    "position": 0,
    "wins": 0,
    "draws": 0,
    "losses": 0,
    "goals_for": 0,
    "goals_against": 0,
    "xG": 1.39,
    "xGA": 0,
    "matches_played": 38,
    "minutes": 3420,
    "goals": 1.47,
    "assists": 1.11,
    "possession": 54.6
  },
  "Parma": {
    "league": "Serie A",
    "league_key": "Serie_A",
    "points": 0,
    "position": 0,
    "wins": 0,
    "draws": 0,
    "losses": 0,
    "goals_for": 0,
    "goals_against": 0,
    "xG": 1.13,
    "xGA": 0,
    "matches_played": 38,
    "minutes": 3420,
    "goals": 1.13,
    "assists": 0.82,
    "possession": 44.2
  },
  "Roma": {
    "league": "Serie A",
    "league_key": "Serie_A",
    "points": 0,
    "position": 0,
    "wins": 0,
    "draws": 0,
    "losses": 0,
    "goals_for": 0,
    "goals_against": 0,
    "xG": 1.39,
    "xGA": 0,
    "matches_played": 38,
    "minutes": 3420,
    "goals": 1.45,
    "assists": 0.92,
    "possession": 53.9
  },
  "Torino": {
    "league": "Serie A",
    "league_key": "Serie_A",
    "points": 0,
    "position": 0,
    "wins": 0,
    "draws": 0,
    "losses": 0,
    "goals_for": 0,
    "goals_against": 0,
    "xG": 0.91,
    "xGA": 0,
    "matches_played": 38,
    "minutes": 3420,
    "goals": 0.95,
    "assists": 0.55,
    "possession": 47.5
  },
  "Udinese": {
    "league": "Serie A",
    "league_key": "Serie_A",
    "points": 0,
    "position": 0,
    "wins": 0,
    "draws": 0,
    "losses": 0,
    "goals_for": 0,
    "goals_against": 0,
    "xG": 1.01,
    "xGA": 0,
    "matches_played": 38,
    "minutes": 3420,
    "goals": 1.08,
    "assists": 0.74,
    "possession": 47.2
  },
  "Venezia": {
    "league": "Serie A",
    "league_key": "Serie_A",
    "points": 0,
    "position": 0,
    "wins": 0,
    "draws": 0,
    "losses": 0,
    "goals_for": 0,
    "goals_against": 0,
    "xG": 0.94,
    "xGA": 0,
    "matches_played": 38,
    "minutes": 3420,
    "goals": 0.82,
    "assists": 0.42,
    "possession": 45.1
  },
  "Angers": {
    "league": "Ligue 1",
    "league_key": "Ligue_1",
    "points": 0,
    "position": 0,
    "wins": 0,
    "draws": 0,
    "losses": 0,
    "goals_for": 0,
    "goals_against": 0,
    "xG": 1.06,
    "xGA": 0,
    "matches_played": 34,
    "minutes": 3060,
    "goals": 0.91,
    "assists": 0.5,
    "possession": 41.2
  },
  "Auxerre": {
    "league": "Ligue 1",
    "league_key": "Ligue_1",
    "points": 0,
    "position": 0,
    "wins": 0,
    "draws": 0,
    "losses": 0,
    "goals_for": 0,
    "goals_against": 0,
    "xG": 1.21,
    "xGA": 0,
    "matches_played": 34,
    "minutes": 3060,
    "goals": 1.38,
    "assists": 1.03,
    "possession": 42.5
  },
  "Brest": {
    "league": "Ligue 1",
    "league_key": "Ligue_1",
    "points": 0,
    "position": 0,
    "wins": 0,
    "draws": 0,
    "losses": 0,
    "goals_for": 0,
    "goals_against": 0,
    "xG": 1.33,
    "xGA": 0,
    "matches_played": 34,
    "minutes": 3060,
    "goals": 1.53,
    "assists": 0.94,
    "possession": 48.4
  },
  "Le Havre": {
    "league": "Ligue 1",
    "league_key": "Ligue_1",
    "points": 0,
    "position": 0,
    "wins": 0,
    "draws": 0,
    "losses": 0,
    "goals_for": 0,
    "goals_against": 0,
    "xG": 1.22,
    "xGA": 0,
    "matches_played": 34,
    "minutes": 3060,
    "goals": 1.09,
    "assists": 0.62,
    "possession": 43.1
  },
  "Lens": {
    "league": "Ligue 1",
    "league_key": "Ligue_1",
    "points": 0,
    "position": 0,
    "wins": 0,
    "draws": 0,
    "losses": 0,
    "goals_for": 0,
    "goals_against": 0,
    "xG": 1.52,
    "xGA": 0,
    "matches_played": 34,
    "minutes": 3060,
    "goals": 1.18,
    "assists": 0.76,
    "possession": 54.1
  },
  "Lille": {
    "league": "Ligue 1",
    "league_key": "Ligue_1",
    "points": 0,
    "position": 0,
    "wins": 0,
    "draws": 0,
    "losses": 0,
    "goals_for": 0,
    "goals_against": 0,
    "xG": 1.61,
    "xGA": 0,
    "matches_played": 34,
    "minutes": 3060,
    "goals": 1.53,
    "assists": 0.85,
    "possession": 57.6
  },
  "Lyon": {
    "league": "Ligue 1",
    "league_key": "Ligue_1",
    "points": 0,
    "position": 0,
    "wins": 0,
    "draws": 0,
    "losses": 0,
    "goals_for": 0,
    "goals_against": 0,
    "xG": 1.77,
    "xGA": 0,
    "matches_played": 34,
    "minutes": 3060,
    "goals": 1.82,
    "assists": 1.35,
    "possession": 56.4
  },
  "Marseille": {
    "league": "Ligue 1",
    "league_key": "Ligue_1",
    "points": 0,
    "position": 0,
    "wins": 0,
    "draws": 0,
    "losses": 0,
    "goals_for": 0,
    "goals_against": 0,
    "xG": 1.88,
    "xGA": 0,
    "matches_played": 34,
    "minutes": 3060,
    "goals": 2.06,
    "assists": 1.44,
    "possession": 63.3
  },
  "Monaco": {
    "league": "Ligue 1",
    "league_key": "Ligue_1",
    "points": 0,
    "position": 0,
    "wins": 0,
    "draws": 0,
    "losses": 0,
    "goals_for": 0,
    "goals_against": 0,
    "xG": 2.14,
    "xGA": 0,
    "matches_played": 34,
    "minutes": 3060,
    "goals": 1.85,
    "assists": 1.44,
    "possession": 55.0
  },
  "Montpellier": {
    "league": "Ligue 1",
    "league_key": "Ligue_1",
    "points": 0,
    "position": 0,
    "wins": 0,
    "draws": 0,
    "losses": 0,
    "goals_for": 0,
    "goals_against": 0,
    "xG": 0.98,
    "xGA": 0,
    "matches_played": 34,
    "minutes": 3060,
    "goals": 0.68,
    "assists": 0.38,
    "possession": 45.3
  },
  "Nantes": {
    "league": "Ligue 1",
    "league_key": "Ligue_1",
    "points": 0,
    "position": 0,
    "wins": 0,
    "draws": 0,
    "losses": 0,
    "goals_for": 0,
    "goals_against": 0,
    "xG": 1.15,
    "xGA": 0,
    "matches_played": 34,
    "minutes": 3060,
    "goals": 1.15,
    "assists": 0.79,
    "possession": 40.4
  },
  "Nice": {
    "league": "Ligue 1",
    "league_key": "Ligue_1",
    "points": 0,
    "position": 0,
    "wins": 0,
    "draws": 0,
    "losses": 0,
    "goals_for": 0,
    "goals_against": 0,
    "xG": 1.81,
    "xGA": 0,
    "matches_played": 34,
    "minutes": 3060,
    "goals": 1.82,
    "assists": 1.26,
    "possession": 47.5
  },
  "Paris S-G": {
    "league": "Ligue 1",
    "league_key": "Ligue_1",
    "points": 0,
    "position": 0,
    "wins": 0,
    "draws": 0,
    "losses": 0,
    "goals_for": 0,
    "goals_against": 0,
    "xG": 2.61,
    "xGA": 0,
    "matches_played": 34,
    "minutes": 3060,
    "goals": 2.62,
    "assists": 2.03,
    "possession": 68.0
  },
  "Reims": {
    "league": "Ligue 1",
    "league_key": "Ligue_1",
    "points": 0,
    "position": 0,
    "wins": 0,
    "draws": 0,
    "losses": 0,
    "goals_for": 0,
    "goals_against": 0,
    "xG": 1.1,
    "xGA": 0,
    "matches_played": 34,
    "minutes": 3060,
    "goals": 0.94,
    "assists": 0.56,
    "possession": 44.1
  },
  "Rennes": {
    "league": "Ligue 1",
    "league_key": "Ligue_1",
    "points": 0,
    "position": 0,
    "wins": 0,
    "draws": 0,
    "losses": 0,
    "goals_for": 0,
    "goals_against": 0,
    "xG": 1.43,
    "xGA": 0,
    "matches_played": 34,
    "minutes": 3060,
    "goals": 1.5,
    "assists": 0.94,
    "possession": 50.9
  },
  "Saint-Étienne": {
    "league": "Ligue 1",
    "league_key": "Ligue_1",
    "points": 0,
    "position": 0,
    "wins": 0,
    "draws": 0,
    "losses": 0,
    "goals_for": 0,
    "goals_against": 0,
    "xG": 1.07,
    "xGA": 0,
    "matches_played": 34,
    "minutes": 3060,
    "goals": 1.15,
    "assists": 0.82,
    "possession": 47.1
  },
  "Strasbourg": {
    "league": "Ligue 1",
    "league_key": "Ligue_1",
    "points": 0,
    "position": 0,
    "wins": 0,
    "draws": 0,
    "losses": 0,
    "goals_for": 0,
    "goals_against": 0,
    "xG": 1.45,
    "xGA": 0,
    "matches_played": 34,
    "minutes": 3060,
    "goals": 1.59,
    "assists": 1.26,
    "possession": 50.1
  },
  "Toulouse": {
    "league": "Ligue 1",
    "league_key": "Ligue_1",
    "points": 0,
    "position": 0,
    "wins": 0,
    "draws": 0,
    "losses": 0,
    "goals_for": 0,
    "goals_against": 0,
    "xG": 1.45,
    "xGA": 0,
    "matches_played": 34,
    "minutes": 3060,
    "goals": 1.24,
    "assists": 1.0,
    "possession": 45.0
  }
}