{
  "Arsenal": {
    "xG_per_90": 1.5763157894736841,
    "xG_per_shot": 0.11011029411764706,
    "shots_per_90": 14.31578947368421,
    "shots_on_target_pct": 32.7
  },
  "Aston Villa": {
    "xG_per_90": 1.4763157894736842,
    "xG_per_shot": 0.11736401673640168,
    "shots_per_90": 12.578947368421053,
    "shots_on_target_pct": 33.3
  },
  "Bournemouth": {
    "xG_per_90": 1.6842105263157894,
    "xG_per_shot": 0.11149825783972125,
    "shots_per_90": 15.105263157894736,
    "shots_on_target_pct": 33.4
  },
  "Brentford": {
    "xG_per_90": 1.5526315789473684,
    "xG_per_shot": 0.1359447004608295,
    "shots_per_90": 11.421052631578947,
    "shots_on_target_pct": 39.9
  },
  "Brighton": {
    "xG_per_90": 1.5447368421052632,
    "xG_per_shot": 0.11159695817490495,
    "shots_per_90": 13.842105263157896,
    "shots_on_target_pct": 34.8
  },
  "Chelsea": {
    "xG_per_90": 1.7842105263157895,
    "xG_per_shot": 0.11491525423728813,
    "shots_per_90": 15.526315789473685,
    "shots_on_target_pct": 34.4
  },
  "Crystal Palace": {
    "xG_per_90": 1.5894736842105264,
    "xG_per_shot": 0.11796875,
    "shots_per_90": 13.473684210526315,
    "shots_on_target_pct": 34.2
  },
  "Everton": {
    "xG_per_90": 1.0999999999999999,
    "xG_per_shot": 0.10346534653465346,
    "shots_per_90": 10.631578947368421,
    "shots_on_target_pct": 34.4
  },
  "Fulham": {
    "xG_per_90": 1.2894736842105263,
    "xG_per_shot": 0.09496124031007752,
    "shots_per_90": 13.578947368421053,
    "shots_on_target_pct": 32.4
  },
  "Ipswich Town": {
    "xG_per_90": 0.9052631578947368,
    "xG_per_shot": 0.09197860962566845,
    "shots_per_90": 9.842105263157896,
    "shots_on_target_pct": 32.1
  },
  "Leicester City": {
    "xG_per_90": 0.8578947368421053,
    "xG_per_shot": 0.09819277108433735,
    "shots_per_90": 8.736842105263158,
    "shots_on_target_pct": 31.6
  },
  "Liverpool": {
    "xG_per_90": 2.1631578947368424,
    "xG_per_shot": 0.12863849765258217,
    "shots_per_90": 16.81578947368421,
    "shots_on_target_pct": 33.6
  },
  "Manchester City": {
    "xG_per_90": 1.7921052631578946,
    "xG_per_shot": 0.11293532338308457,
    "shots_per_90": 15.868421052631579,
    "shots_on_target_pct": 34.5
  },
  "Manchester Utd": {
    "xG_per_90": 1.3842105263157896,
    "xG_per_shot": 0.10038167938931299,
    "shots_per_90": 13.789473684210526,
    "shots_on_target_pct": 32.1
  },
  "Newcastle Utd": {
    "xG_per_90": 1.6789473684210525,
    "xG_per_shot": 0.12292870905587668,
    "shots_per_90": 13.657894736842104,
    "shots_on_target_pct": 31.4
  },
  "Nott'ham Forest": {
    "xG_per_90": 1.1973684210526316,
    "xG_per_shot": 0.09891304347826087,
    "shots_per_90": 12.105263157894736,
    "shots_on_target_pct": 35.2
  },
  "Southampton": {
    "xG_per_90": 0.8605263157894738,
    "xG_per_shot": 0.09589442815249268,
    "shots_per_90": 8.973684210526315,
    "shots_on_target_pct": 31.1
  },
  "Tottenham": {
    "xG_per_90": 1.5473684210526315,
    "xG_per_shot": 0.11926977687626775,
    "shots_per_90": 12.973684210526315,
    "shots_on_target_pct": 35.9
  },
  "West Ham": {
    "xG_per_90": 1.236842105263158,
    "xG_per_shot": 0.09936575052854123,
    "shots_per_90": 12.447368421052632,
    "shots_on_target_pct": 29.0
  },
  "Wolves": {
    "xG_per_90": 1.1500000000000001,
    "xG_per_shot": 0.10139211136890952,
    "shots_per_90": 11.342105263157896,
    "shots_on_target_pct": 36.0
  }
}