{
  "Liverpool FC": {
    "league": "Premier League",
    "position": 1,
    "points": 84,
    "goalsFor": 86,
    "goalsAgainst": 41
  },
  "Arsenal FC": {
    "league": "Premier League",
    "position": 2,
    "points": 74,
    "goalsFor": 69,
    "goalsAgainst": 34
  },
  "Manchester City FC": {
    "league": "Premier League",
    "position": 3,
    "points": 71,
    "goalsFor": 72,
    "goalsAgainst": 44
  },
  "Chelsea FC": {
    "league": "Premier League",
    "position": 4,
    "points": 69,
    "goalsFor": 64,
    "goalsAgainst": 43
  },
  "Newcastle United FC": {
    "league": "Premier League",
    "position": 5,
    "points": 66,
    "goalsFor": 68,
    "goalsAgainst": 47
  },
  "Aston Villa FC": {
    "league": "Premier League",
    "position": 6,
    "points": 66,
    "goalsFor": 58,
    "goalsAgainst": 51
  },
  "Nottingham Forest FC": {
    "league": "Premier League",
    "position": 7,
    "points": 65,
    "goalsFor": 58,
    "goalsAgainst": 46
  },
  "Brighton & Hove Albion FC": {
    "league": "Premier League",
    "position": 8,
    "points": 61,
    "goalsFor": 66,
    "goalsAgainst": 59
  },
  "AFC Bournemouth": {
    "league": "Premier League",
    "position": 9,
    "points": 56,
    "goalsFor": 58,
    "goalsAgainst": 46
  },
  "Brentford FC": {
    "league": "Premier League",
    "position": 10,
    "points": 56,
    "goalsFor": 66,
    "goalsAgainst": 57
  },
  "Fulham FC": {
    "league": "Premier League",
    "position": 11,
    "points": 54,
    "goalsFor": 54,
    "goalsAgainst": 54
  },
  "Crystal Palace FC": {
    "league": "Premier League",
    "position": 12,
    "points": 53,
    "goalsFor": 51,
    "goalsAgainst": 51
  },
  "Everton FC": {
    "league": "Premier League",
    "position": 13,
    "points": 48,
    "goalsFor": 42,
    "goalsAgainst": 44
  },
  "West Ham United FC": {
    "league": "Premier League",
    "position": 14,
    "points": 43,
    "goalsFor": 46,
    "goalsAgainst": 62
  },
  "Manchester United FC": {
    "league": "Premier League",
    "position": 15,
    "points": 42,
    "goalsFor": 44,
    "goalsAgainst": 54
  },
  "Wolverhampton Wanderers FC": {
    "league": "Premier League",
    "position": 16,
    "points": 42,
    "goalsFor": 54,
    "goalsAgainst": 69
  },
  "Tottenham Hotspur FC": {
    "league": "Premier League",
    "position": 17,
    "points": 38,
    "goalsFor": 64,
    "goalsAgainst": 65
  },
  "Leicester City FC": {
    "league": "Premier League",
    "position": 18,
    "points": 25,
    "goalsFor": 33,
    "goalsAgainst": 80
  },
  "Ipswich Town FC": {
    "league": "Premier League",
    "position": 19,
    "points": 22,
    "goalsFor": 36,
    "goalsAgainst": 82
  },
  "Southampton FC": {
    "league": "Premier League",
    "position": 20,
    "points": 12,
    "goalsFor": 26,
    "goalsAgainst": 86
  },
  "FC Barcelona": {
    "league": "La Liga",
    "position": 1,
    "points": 88,
    "goalsFor": 102,
    "goalsAgainst": 39
  },
  "Real Madrid CF": {
    "league": "La Liga",
    "position": 2,
    "points": 84,
    "goalsFor": 78,
    "goalsAgainst": 38
  },
  "Club Atlético de Madrid": {
    "league": "La Liga",
    "position": 3,
    "points": 76,
    "goalsFor": 68,
    "goalsAgainst": 30
  },
  "Athletic Club": {
    "league": "La Liga",
    "position": 4,
    "points": 70,
    "goalsFor": 54,
    "goalsAgainst": 29
  },
  "Villarreal CF": {
    "league": "La Liga",
    "position": 5,
    "points": 70,
    "goalsFor": 71,
    "goalsAgainst": 51
  },
  "Real Betis Balompié": {
    "league": "La Liga",
    "position": 6,
    "points": 60,
    "goalsFor": 57,
    "goalsAgainst": 50
  },
  "RC Celta de Vigo": {
    "league": "La Liga",
    "position": 7,
    "points": 55,
    "goalsFor": 59,
    "goalsAgainst": 57
  },
  "Rayo Vallecano de Madrid": {
    "league": "La Liga",
    "position": 8,
    "points": 52,
    "goalsFor": 41,
    "goalsAgainst": 45
  },
  "CA Osasuna": {
    "league": "La Liga",
    "position": 9,
    "points": 52,
    "goalsFor": 48,
    "goalsAgainst": 52
  },
  "RCD Mallorca": {
    "league": "La Liga",
    "position": 10,
    "points": 48,
    "goalsFor": 35,
    "goalsAgainst": 44
  },
  "Real Sociedad de Fútbol": {
    "league": "La Liga",
    "position": 11,
    "points": 46,
    "goalsFor": 35,
    "goalsAgainst": 46
  },
  "Valencia CF": {
    "league": "La Liga",
    "position": 12,
    "points": 46,
    "goalsFor": 44,
    "goalsAgainst": 54
  },
  "Getafe CF": {
    "league": "La Liga",
    "position": 13,
    "points": 42,
    "goalsFor": 34,
    "goalsAgainst": 39
  },
  "RCD Espanyol de Barcelona": {
    "league": "La Liga",
    "position": 14,
    "points": 42,
    "goalsFor": 40,
    "goalsAgainst": 51
  },
  "Deportivo Alavés": {
    "league": "La Liga",
    "position": 15,
    "points": 42,
    "goalsFor": 38,
    "goalsAgainst": 48
  },
  "Girona FC": {
    "league": "La Liga",
    "position": 16,
    "points": 41,
    "goalsFor": 44,
    "goalsAgainst": 60
  },
  "Sevilla FC": {
    "league": "La Liga",
    "position": 17,
    "points": 41,
    "goalsFor": 42,
    "goalsAgainst": 55
  },
  "CD Leganés": {
    "league": "La Liga",
    "position": 18,
    "points": 40,
    "goalsFor": 39,
    "goalsAgainst": 56
  },
  "UD Las Palmas": {
    "league": "La Liga",
    "position": 19,
    "points": 32,
    "goalsFor": 40,
    "goalsAgainst": 61
  },
  "Real Valladolid CF": {
    "league": "La Liga",
    "position": 20,
    "points": 16,
    "goalsFor": 26,
    "goalsAgainst": 90
  },
  "SSC Napoli": {
    "league": "Serie A",
    "position": 1,
    "points": 82,
    "goalsFor": 59,
    "goalsAgainst": 27
  },
  "FC Internazionale Milano": {
    "league": "Serie A",
    "position": 2,
    "points": 81,
    "goalsFor": 79,
    "goalsAgainst": 35
  },
  "Atalanta BC": {
    "league": "Serie A",
    "position": 3,
    "points": 74,
    "goalsFor": 78,
    "goalsAgainst": 37
  },
  "Juventus FC": {
    "league": "Serie A",
    "position": 4,
    "points": 70,
    "goalsFor": 58,
    "goalsAgainst": 35
  },
  "AS Roma": {
    "league": "Serie A",
    "position": 5,
    "points": 69,
    "goalsFor": 56,
    "goalsAgainst": 35
  },
  "ACF Fiorentina": {
    "league": "Serie A",
    "position": 6,
    "points": 65,
    "goalsFor": 60,
    "goalsAgainst": 41
  },
  "SS Lazio": {
    "league": "Serie A",
    "position": 7,
    "points": 65,
    "goalsFor": 61,
    "goalsAgainst": 49
  },
  "AC Milan": {
    "league": "Serie A",
    "position": 8,
    "points": 63,
    "goalsFor": 61,
    "goalsAgainst": 43
  },
  "Bologna FC 1909": {
    "league": "Serie A",
    "position": 9,
    "points": 62,
    "goalsFor": 57,
    "goalsAgainst": 47
  },
  "Como 1907": {
    "league": "Serie A",
    "position": 10,
    "points": 49,
    "goalsFor": 49,
    "goalsAgainst": 52
  },
  "Torino FC": {
    "league": "Serie A",
    "position": 11,
    "points": 44,
    "goalsFor": 39,
    "goalsAgainst": 45
  },
  "Udinese Calcio": {
    "league": "Serie A",
    "position": 12,
    "points": 44,
    "goalsFor": 41,
    "goalsAgainst": 56
  },
  "Genoa CFC": {
    "league": "Serie A",
    "position": 13,
    "points": 43,
    "goalsFor": 37,
    "goalsAgainst": 49
  },
  "Hellas Verona FC": {
    "league": "Serie A",
    "position": 14,
    "points": 37,
    "goalsFor": 34,
    "goalsAgainst": 66
  },
  "Cagliari Calcio": {
    "league": "Serie A",
    "position": 15,
    "points": 36,
    "goalsFor": 40,
    "goalsAgainst": 56
  },
  "Parma Calcio 1913": {
    "league": "Serie A",
    "position": 16,
    "points": 36,
    "goalsFor": 44,
    "goalsAgainst": 58
  },
  "US Lecce": {
    "league": "Serie A",
    "position": 17,
    "points": 34,
    "goalsFor": 27,
    "goalsAgainst": 58
  },
  "Empoli FC": {
    "league": "Serie A",
    "position": 18,
    "points": 31,
    "goalsFor": 33,
    "goalsAgainst": 59
  },
  "Venezia FC": {
    "league": "Serie A",
    "position": 19,
    "points": 29,
    "goalsFor": 32,
    "goalsAgainst": 56
  },
  "AC Monza": {
    "league": "Serie A",
    "position": 20,
    "points": 18,
    "goalsFor": 28,
    "goalsAgainst": 69
  },
  "FC Bayern München": {
    "league": "Bundesliga",
    "position": 1,
    "points": 82,
    "goalsFor": 99,
    "goalsAgainst": 32
  },
  "Bayer 04 Leverkusen": {
    "league": "Bundesliga",
    "position": 2,
    "points": 69,
    "goalsFor": 72,
    "goalsAgainst": 43
  },
  "Eintracht Frankfurt": {
    "league": "Bundesliga",
    "position": 3,
    "points": 60,
    "goalsFor": 68,
    "goalsAgainst": 46
  },
  "Borussia Dortmund": {
    "league": "Bundesliga",
    "position": 4,
    "points": 57,
    "goalsFor": 71,
    "goalsAgainst": 51
  },
  "SC Freiburg": {
    "league": "Bundesliga",
    "position": 5,
    "points": 55,
    "goalsFor": 49,
    "goalsAgainst": 53
  },
  "1. FSV Mainz 05": {
    "league": "Bundesliga",
    "position": 6,
    "points": 52,
    "goalsFor": 55,
    "goalsAgainst": 43
  },
  "RB Leipzig": {
    "league": "Bundesliga",
    "position": 7,
    "points": 51,
    "goalsFor": 53,
    "goalsAgainst": 48
  },
  "SV Werder Bremen": {
    "league": "Bundesliga",
    "position": 8,
    "points": 51,
    "goalsFor": 54,
    "goalsAgainst": 57
  },
  "VfB Stuttgart": {
    "league": "Bundesliga",
    "position": 9,
    "points": 50,
    "goalsFor": 64,
    "goalsAgainst": 53
  },
  "Borussia Mönchengladbach": {
    "league": "Bundesliga",
    "position": 10,
    "points": 45,
    "goalsFor": 55,
    "goalsAgainst": 57
  },
  "VfL Wolfsburg": {
    "league": "Bundesliga",
    "position": 11,
    "points": 43,
    "goalsFor": 56,
    "goalsAgainst": 54
  },
  "FC Augsburg": {
    "league": "Bundesliga",
    "position": 12,
    "points": 43,
    "goalsFor": 35,
    "goalsAgainst": 51
  },
  "1. FC Union Berlin": {
    "league": "Bundesliga",
    "position": 13,
    "points": 40,
    "goalsFor": 35,
    "goalsAgainst": 51
  },
  "FC St. Pauli 1910": {
    "league": "Bundesliga",
    "position": 14,
    "points": 32,
    "goalsFor": 28,
    "goalsAgainst": 41
  },
  "TSG 1899 Hoffenheim": {
    "league": "Bundesliga",
    "position": 15,
    "points": 32,
    "goalsFor": 46,
    "goalsAgainst": 68
  },
  "1. FC Heidenheim 1846": {
    "league": "Bundesliga",
    "position": 16,
    "points": 29,
    "goalsFor": 37,
    "goalsAgainst": 64
  },
  "Holstein Kiel": {
    "league": "Bundesliga",
    "position": 17,
    "points": 25,
    "goalsFor": 49,
    "goalsAgainst": 80
  },
  "VfL Bochum 1848": {
    "league": "Bundesliga",
    "position": 18,
    "points": 25,
    "goalsFor": 33,
    "goalsAgainst": 67
  },
  "Paris Saint-Germain FC": {
    "league": "Ligue 1",
    "position": 1,
    "points": 84,
    "goalsFor": 92,
    "goalsAgainst": 35
  },
  "Olympique de Marseille": {
    "league": "Ligue 1",
    "position": 2,
    "points": 65,
    "goalsFor": 74,
    "goalsAgainst": 47
  },
  "AS Monaco FC": {
    "league": "Ligue 1",
    "position": 3,
    "points": 61,
    "goalsFor": 63,
    "goalsAgainst": 41
  },
  "OGC Nice": {
    "league": "Ligue 1",
    "position": 4,
    "points": 60,
    "goalsFor": 66,
    "goalsAgainst": 41
  },
  "Lille OSC": {
    "league": "Ligue 1",
    "position": 5,
    "points": 60,
    "goalsFor": 52,
    "goalsAgainst": 36
  },
  "Olympique Lyonnais": {
    "league": "Ligue 1",
    "position": 6,
    "points": 57,
    "goalsFor": 65,
    "goalsAgainst": 46
  },
  "RC Strasbourg Alsace": {
    "league": "Ligue 1",
    "position": 7,
    "points": 57,
    "goalsFor": 56,
    "goalsAgainst": 44
  },
  "Racing Club de Lens": {
    "league": "Ligue 1",
    "position": 8,
    "points": 52,
    "goalsFor": 42,
    "goalsAgainst": 39
  },
  "Stade Brestois 29": {
    "league": "Ligue 1",
    "position": 9,
    "points": 50,
    "goalsFor": 52,
    "goalsAgainst": 59
  },
  "Toulouse FC": {
    "league": "Ligue 1",
    "position": 10,
    "points": 42,
    "goalsFor": 44,
    "goalsAgainst": 43
  },
  "AJ Auxerre": {
    "league": "Ligue 1",
    "position": 11,
    "points": 42,
    "goalsFor": 48,
    "goalsAgainst": 51
  },
  "Stade Rennais FC 1901": {
    "league": "Ligue 1",
    "position": 12,
    "points": 41,
    "goalsFor": 51,
    "goalsAgainst": 50
  },
  "FC Nantes": {
    "league": "Ligue 1",
    "position": 13,
    "points": 36,
    "goalsFor": 39,
    "goalsAgainst": 52
  },
  "Angers SCO": {
    "league": "Ligue 1",
    "position": 14,
    "points": 36,
    "goalsFor": 32,
    "goalsAgainst": 53
  },
  "Le Havre AC": {
    "league": "Ligue 1",
    "position": 15,
    "points": 34,
    "goalsFor": 40,
    "goalsAgainst": 71
  },
  "Stade de Reims": {
    "league": "Ligue 1",
    "position": 16,
    "points": 33,
    "goalsFor": 33,
    "goalsAgainst": 47
  },
  "AS Saint-Étienne": {
    "league": "Ligue 1",
    "position": 17,
    "points": 30,
    "goalsFor": 39,
    "goalsAgainst": 77
  },
  "Montpellier HSC": {
    "league": "Ligue 1",
    "position": 18,
    "points": 16,
    "goalsFor": 23,
    "goalsAgainst": 79
  }
}