{
  "Aston Villa FC": {
    "liga": "Premier League",
    "xG_total": 67.42,
    "xGA_total": 65.08,
    "kampe": 38,
    "xG_avg": 1.774,
    "xGA_avg": 1.713,
    "xG_diff": 0.062,
    "xG_ratio": 1.036
  },
  "Crystal Palace FC": {
    "liga": "Premier League",
    "xG_total": 60.75,
    "xGA_total": 60.26,
    "kampe": 38,
    "xG_avg": 1.599,
    "xGA_avg": 1.586,
    "xG_diff": 0.013,
    "xG_ratio": 1.008
  },
  "Unknown_Team_Tottenham Hotspur FC": {
    "liga": "Premier League",
    "xG_total": 63.76,
    "xGA_total": 65.51,
    "kampe": 38,
    "xG_avg": 1.678,
    "xGA_avg": 1.724,
    "xG_diff": -0.046,
    "xG_ratio": 0.973
  },
  "AFC Bournemouth": {
    "liga": "Premier League",
    "xG_total": 53.94,
    "xGA_total": 57.99,
    "kampe": 38,
    "xG_avg": 1.419,
    "xGA_avg": 1.526,
    "xG_diff": -0.107,
    "xG_ratio": 0.93
  },
  "Brighton & Hove Albion FC": {
    "liga": "Premier League",
    "xG_total": 80.88,
    "xGA_total": 62.6,
    "kampe": 38,
    "xG_avg": 2.128,
    "xGA_avg": 1.647,
    "xG_diff": 0.481,
    "xG_ratio": 1.292
  },
  "Brentford FC": {
    "liga": "Premier League",
    "xG_total": 54.53,
    "xGA_total": 77.91,
    "kampe": 38,
    "xG_avg": 1.435,
    "xGA_avg": 2.05,
    "xG_diff": -0.615,
    "xG_ratio": 0.7
  },
  "Chelsea FC": {
    "liga": "Premier League",
    "xG_total": 73.35,
    "xGA_total": 68.07,
    "kampe": 38,
    "xG_avg": 1.93,
    "xGA_avg": 1.791,
    "xG_diff": 0.139,
    "xG_ratio": 1.078
  },
  "Manchester City FC": {
    "liga": "Premier League",
    "xG_total": 84.39,
    "xGA_total": 31.78,
    "kampe": 38,
    "xG_avg": 2.221,
    "xGA_avg": 0.836,
    "xG_diff": 1.384,
    "xG_ratio": 2.655
  },
  "Manchester United FC": {
    "liga": "Premier League",
    "xG_total": 84.48,
    "xGA_total": 62.46,
    "kampe": 38,
    "xG_avg": 2.223,
    "xGA_avg": 1.644,
    "xG_diff": 0.58,
    "xG_ratio": 1.353
  },
  "Liverpool FC": {
    "liga": "Premier League",
    "xG_total": 94.79,
    "xGA_total": 47.4,
    "kampe": 38,
    "xG_avg": 2.494,
    "xGA_avg": 1.247,
    "xG_diff": 1.247,
    "xG_ratio": 2.0
  },
  "Arsenal FC": {
    "liga": "Premier League",
    "xG_total": 89.55,
    "xGA_total": 37.27,
    "kampe": 38,
    "xG_avg": 2.357,
    "xGA_avg": 0.981,
    "xG_diff": 1.376,
    "xG_ratio": 2.403
  },
  "Fulham FC": {
    "liga": "Premier League",
    "xG_total": 60.33,
    "xGA_total": 74.76,
    "kampe": 38,
    "xG_avg": 1.588,
    "xGA_avg": 1.967,
    "xG_diff": -0.38,
    "xG_ratio": 0.807
  },
  "Leicester City FC": {
    "liga": "Premier League",
    "xG_total": 43.44,
    "xGA_total": 75.72,
    "kampe": 38,
    "xG_avg": 1.143,
    "xGA_avg": 1.993,
    "xG_diff": -0.849,
    "xG_ratio": 0.574
  },
  "Newcastle United FC": {
    "liga": "Premier League",
    "xG_total": 61.91,
    "xGA_total": 60.94,
    "kampe": 38,
    "xG_avg": 1.629,
    "xGA_avg": 1.604,
    "xG_diff": 0.026,
    "xG_ratio": 1.016
  },
  "Everton FC": {
    "liga": "Premier League",
    "xG_total": 52.81,
    "xGA_total": 66.9,
    "kampe": 38,
    "xG_avg": 1.39,
    "xGA_avg": 1.761,
    "xG_diff": -0.371,
    "xG_ratio": 0.789
  },
  "Ipswich Town FC": {
    "liga": "Premier League",
    "xG_total": 50.65,
    "xGA_total": 76.11,
    "kampe": 38,
    "xG_avg": 1.333,
    "xGA_avg": 2.003,
    "xG_diff": -0.67,
    "xG_ratio": 0.666
  },
  "Southampton FC": {
    "liga": "Premier League",
    "xG_total": 41.31,
    "xGA_total": 85.71,
    "kampe": 38,
    "xG_avg": 1.087,
    "xGA_avg": 2.255,
    "xG_diff": -1.168,
    "xG_ratio": 0.482
  },
  "Tottenham Hotspur FC": {
    "liga": "Premier League",
    "xG_total": 64.29,
    "xGA_total": 60.26,
    "kampe": 38,
    "xG_avg": 1.692,
    "xGA_avg": 1.586,
    "xG_diff": 0.106,
    "xG_ratio": 1.067
  },
  "West Ham United FC": {
    "liga": "Premier League",
    "xG_total": 52.16,
    "xGA_total": 56.25,
    "kampe": 38,
    "xG_avg": 1.373,
    "xGA_avg": 1.48,
    "xG_diff": -0.108,
    "xG_ratio": 0.927
  },
  "Wolverhampton Wanderers FC": {
    "liga": "Premier League",
    "xG_total": 49.87,
    "xGA_total": 91.65,
    "kampe": 38,
    "xG_avg": 1.312,
    "xGA_avg": 2.412,
    "xG_diff": -1.099,
    "xG_ratio": 0.544
  },
  "UD Las Palmas": {
    "liga": "La Liga",
    "xG_total": 53.53,
    "xGA_total": 62.99,
    "kampe": 38,
    "xG_avg": 1.409,
    "xGA_avg": 1.658,
    "xG_diff": -0.249,
    "xG_ratio": 0.85
  },
  "CD Leganés": {
    "liga": "La Liga",
    "xG_total": 49.16,
    "xGA_total": 47.29,
    "kampe": 38,
    "xG_avg": 1.294,
    "xGA_avg": 1.244,
    "xG_diff": 0.049,
    "xG_ratio": 1.04
  },
  "Deportivo Alavés": {
    "liga": "La Liga",
    "xG_total": 50.28,
    "xGA_total": 57.65,
    "kampe": 38,
    "xG_avg": 1.323,
    "xGA_avg": 1.517,
    "xG_diff": -0.194,
    "xG_ratio": 0.872
  },
  "Athletic Club": {
    "liga": "La Liga",
    "xG_total": 69.83,
    "xGA_total": 43.46,
    "kampe": 38,
    "xG_avg": 1.838,
    "xGA_avg": 1.144,
    "xG_diff": 0.694,
    "xG_ratio": 1.607
  },
  "Club Atlético de Madrid": {
    "liga": "La Liga",
    "xG_total": 35.82,
    "xGA_total": 59.73,
    "kampe": 38,
    "xG_avg": 0.943,
    "xGA_avg": 1.572,
    "xG_diff": -0.629,
    "xG_ratio": 0.6
  },
  "Getafe CF": {
    "liga": "La Liga",
    "xG_total": 46.4,
    "xGA_total": 46.0,
    "kampe": 38,
    "xG_avg": 1.221,
    "xGA_avg": 1.21,
    "xG_diff": 0.011,
    "xG_ratio": 1.009
  },
  "Sevilla FC": {
    "liga": "La Liga",
    "xG_total": 45.13,
    "xGA_total": 52.33,
    "kampe": 38,
    "xG_avg": 1.188,
    "xGA_avg": 1.377,
    "xG_diff": -0.19,
    "xG_ratio": 0.862
  },
  "Real Betis Balompié": {
    "liga": "La Liga",
    "xG_total": 61.64,
    "xGA_total": 42.03,
    "kampe": 38,
    "xG_avg": 1.622,
    "xGA_avg": 1.106,
    "xG_diff": 0.516,
    "xG_ratio": 1.466
  },
  "Real Madrid CF": {
    "liga": "La Liga",
    "xG_total": 81.76,
    "xGA_total": 45.44,
    "kampe": 38,
    "xG_avg": 2.152,
    "xGA_avg": 1.196,
    "xG_diff": 0.956,
    "xG_ratio": 1.799
  },
  "FC Barcelona": {
    "liga": "La Liga",
    "xG_total": 80.88,
    "xGA_total": 39.29,
    "kampe": 38,
    "xG_avg": 2.128,
    "xGA_avg": 1.034,
    "xG_diff": 1.095,
    "xG_ratio": 2.059
  },
  "CA Osasuna": {
    "liga": "La Liga",
    "xG_total": 56.39,
    "xGA_total": 60.06,
    "kampe": 38,
    "xG_avg": 1.484,
    "xGA_avg": 1.581,
    "xG_diff": -0.097,
    "xG_ratio": 0.939
  },
  "Valencia CF": {
    "liga": "La Liga",
    "xG_total": 52.92,
    "xGA_total": 52.48,
    "kampe": 38,
    "xG_avg": 1.393,
    "xGA_avg": 1.381,
    "xG_diff": 0.012,
    "xG_ratio": 1.008
  },
  "RC Celta de Vigo": {
    "liga": "La Liga",
    "xG_total": 59.81,
    "xGA_total": 65.86,
    "kampe": 38,
    "xG_avg": 1.574,
    "xGA_avg": 1.733,
    "xG_diff": -0.159,
    "xG_ratio": 0.908
  },
  "Rayo Vallecano de Madrid": {
    "liga": "La Liga",
    "xG_total": 43.58,
    "xGA_total": 69.31,
    "kampe": 38,
    "xG_avg": 1.147,
    "xGA_avg": 1.824,
    "xG_diff": -0.677,
    "xG_ratio": 0.629
  },
  "RCD Mallorca": {
    "liga": "La Liga",
    "xG_total": 45.79,
    "xGA_total": 57.37,
    "kampe": 38,
    "xG_avg": 1.205,
    "xGA_avg": 1.51,
    "xG_diff": -0.305,
    "xG_ratio": 0.798
  },
  "Real Sociedad de Fútbol": {
    "liga": "La Liga",
    "xG_total": 51.97,
    "xGA_total": 52.08,
    "kampe": 38,
    "xG_avg": 1.368,
    "xGA_avg": 1.371,
    "xG_diff": -0.003,
    "xG_ratio": 0.998
  },
  "Girona FC": {
    "liga": "La Liga",
    "xG_total": 49.9,
    "xGA_total": 71.85,
    "kampe": 38,
    "xG_avg": 1.313,
    "xGA_avg": 1.891,
    "xG_diff": -0.578,
    "xG_ratio": 0.694
  },
  "Villarreal CF": {
    "liga": "La Liga",
    "xG_total": 78.05,
    "xGA_total": 61.93,
    "kampe": 38,
    "xG_avg": 2.054,
    "xGA_avg": 1.63,
    "xG_diff": 0.424,
    "xG_ratio": 1.26
  },
  "RCD Espanyol de Barcelona": {
    "liga": "La Liga",
    "xG_total": 41.73,
    "xGA_total": 47.56,
    "kampe": 38,
    "xG_avg": 1.098,
    "xGA_avg": 1.252,
    "xG_diff": -0.153,
    "xG_ratio": 0.877
  },
  "Real Valladolid CF": {
    "liga": "La Liga",
    "xG_total": 37.98,
    "xGA_total": 57.83,
    "kampe": 38,
    "xG_avg": 0.999,
    "xGA_avg": 1.522,
    "xG_diff": -0.522,
    "xG_ratio": 0.657
  },
  "FC Bayern München": {
    "liga": "Bundesliga",
    "xG_total": 94.4,
    "xGA_total": 35.22,
    "kampe": 34,
    "xG_avg": 2.776,
    "xGA_avg": 1.036,
    "xG_diff": 1.74,
    "xG_ratio": 2.68
  },
  "Bayer 04 Leverkusen": {
    "liga": "Bundesliga",
    "xG_total": 82.01,
    "xGA_total": 32.43,
    "kampe": 34,
    "xG_avg": 2.412,
    "xGA_avg": 0.954,
    "xG_diff": 1.458,
    "xG_ratio": 2.529
  },
  "Holstein Kiel": {
    "liga": "Bundesliga",
    "xG_total": 56.25,
    "xGA_total": 66.42,
    "kampe": 34,
    "xG_avg": 1.654,
    "xGA_avg": 1.954,
    "xG_diff": -0.299,
    "xG_ratio": 0.847
  },
  "VfL Wolfsburg": {
    "liga": "Bundesliga",
    "xG_total": 49.12,
    "xGA_total": 62.3,
    "kampe": 34,
    "xG_avg": 1.445,
    "xGA_avg": 1.832,
    "xG_diff": -0.388,
    "xG_ratio": 0.788
  },
  "1. FC Heidenheim 1846": {
    "liga": "Bundesliga",
    "xG_total": 47.1,
    "xGA_total": 61.1,
    "kampe": 34,
    "xG_avg": 1.385,
    "xGA_avg": 1.797,
    "xG_diff": -0.412,
    "xG_ratio": 0.771
  },
  "VfB Stuttgart": {
    "liga": "Bundesliga",
    "xG_total": 51.68,
    "xGA_total": 50.51,
    "kampe": 34,
    "xG_avg": 1.52,
    "xGA_avg": 1.486,
    "xG_diff": 0.034,
    "xG_ratio": 1.023
  },
  "VfL Bochum 1848": {
    "liga": "Bundesliga",
    "xG_total": 34.56,
    "xGA_total": 81.12,
    "kampe": 34,
    "xG_avg": 1.017,
    "xGA_avg": 2.386,
    "xG_diff": -1.369,
    "xG_ratio": 0.426
  },
  "SC Freiburg": {
    "liga": "Bundesliga",
    "xG_total": 71.16,
    "xGA_total": 55.27,
    "kampe": 34,
    "xG_avg": 2.093,
    "xGA_avg": 1.626,
    "xG_diff": 0.467,
    "xG_ratio": 1.288
  },
  "SV Werder Bremen": {
    "liga": "Bundesliga",
    "xG_total": 51.81,
    "xGA_total": 62.5,
    "kampe": 34,
    "xG_avg": 1.524,
    "xGA_avg": 1.838,
    "xG_diff": -0.314,
    "xG_ratio": 0.829
  },
  "1. FC Union Berlin": {
    "liga": "Bundesliga",
    "xG_total": 44.0,
    "xGA_total": 49.87,
    "kampe": 34,
    "xG_avg": 1.294,
    "xGA_avg": 1.467,
    "xG_diff": -0.173,
    "xG_ratio": 0.882
  },
  "1. FSV Mainz 05": {
    "liga": "Bundesliga",
    "xG_total": 51.64,
    "xGA_total": 55.25,
    "kampe": 34,
    "xG_avg": 1.519,
    "xGA_avg": 1.625,
    "xG_diff": -0.106,
    "xG_ratio": 0.935
  },
  "Eintracht Frankfurt": {
    "liga": "Bundesliga",
    "xG_total": 78.99,
    "xGA_total": 42.5,
    "kampe": 34,
    "xG_avg": 2.323,
    "xGA_avg": 1.25,
    "xG_diff": 1.073,
    "xG_ratio": 1.858
  },
  "TSG 1899 Hoffenheim": {
    "liga": "Bundesliga",
    "xG_total": 44.34,
    "xGA_total": 71.81,
    "kampe": 34,
    "xG_avg": 1.304,
    "xGA_avg": 2.112,
    "xG_diff": -0.808,
    "xG_ratio": 0.617
  },
  "RB Leipzig": {
    "liga": "Bundesliga",
    "xG_total": 52.5,
    "xGA_total": 58.56,
    "kampe": 34,
    "xG_avg": 1.544,
    "xGA_avg": 1.722,
    "xG_diff": -0.178,
    "xG_ratio": 0.897
  },
  "Borussia Dortmund": {
    "liga": "Bundesliga",
    "xG_total": 72.63,
    "xGA_total": 43.25,
    "kampe": 34,
    "xG_avg": 2.136,
    "xGA_avg": 1.272,
    "xG_diff": 0.864,
    "xG_ratio": 1.679
  },
  "FC Augsburg": {
    "liga": "Bundesliga",
    "xG_total": 44.74,
    "xGA_total": 56.56,
    "kampe": 34,
    "xG_avg": 1.316,
    "xGA_avg": 1.664,
    "xG_diff": -0.348,
    "xG_ratio": 0.791
  },
  "Borussia Mönchengladbach": {
    "liga": "Bundesliga",
    "xG_total": 51.44,
    "xGA_total": 70.18,
    "kampe": 34,
    "xG_avg": 1.513,
    "xGA_avg": 2.064,
    "xG_diff": -0.551,
    "xG_ratio": 0.733
  },
  "FC St. Pauli 1910": {
    "liga": "Bundesliga",
    "xG_total": 42.58,
    "xGA_total": 66.09,
    "kampe": 34,
    "xG_avg": 1.252,
    "xGA_avg": 1.944,
    "xG_diff": -0.692,
    "xG_ratio": 0.644
  },
  "Venezia FC": {
    "liga": "Serie A",
    "xG_total": 38.46,
    "xGA_total": 58.52,
    "kampe": 38,
    "xG_avg": 1.012,
    "xGA_avg": 1.54,
    "xG_diff": -0.528,
    "xG_ratio": 0.657
  },
  "SS Lazio": {
    "liga": "Serie A",
    "xG_total": 56.92,
    "xGA_total": 47.03,
    "kampe": 38,
    "xG_avg": 1.498,
    "xGA_avg": 1.238,
    "xG_diff": 0.26,
    "xG_ratio": 1.21
  },
  "Bologna FC 1909": {
    "liga": "Serie A",
    "xG_total": 51.39,
    "xGA_total": 45.26,
    "kampe": 38,
    "xG_avg": 1.352,
    "xGA_avg": 1.191,
    "xG_diff": 0.161,
    "xG_ratio": 1.135
  },
  "AC Milan": {
    "liga": "Serie A",
    "xG_total": 54.03,
    "xGA_total": 39.7,
    "kampe": 38,
    "xG_avg": 1.422,
    "xGA_avg": 1.045,
    "xG_diff": 0.377,
    "xG_ratio": 1.361
  },
  "AS Roma": {
    "liga": "Serie A",
    "xG_total": 63.48,
    "xGA_total": 31.77,
    "kampe": 38,
    "xG_avg": 1.671,
    "xGA_avg": 0.836,
    "xG_diff": 0.835,
    "xG_ratio": 1.998
  },
  "Genoa CFC": {
    "liga": "Serie A",
    "xG_total": 44.88,
    "xGA_total": 53.15,
    "kampe": 38,
    "xG_avg": 1.181,
    "xGA_avg": 1.399,
    "xG_diff": -0.218,
    "xG_ratio": 0.844
  },
  "Parma Calcio 1913": {
    "liga": "Serie A",
    "xG_total": 38.69,
    "xGA_total": 47.77,
    "kampe": 38,
    "xG_avg": 1.018,
    "xGA_avg": 1.257,
    "xG_diff": -0.239,
    "xG_ratio": 0.81
  },
  "Hellas Verona FC": {
    "liga": "Serie A",
    "xG_total": 43.53,
    "xGA_total": 66.92,
    "kampe": 38,
    "xG_avg": 1.145,
    "xGA_avg": 1.761,
    "xG_diff": -0.616,
    "xG_ratio": 0.65
  },
  "Atalanta BC": {
    "liga": "Serie A",
    "xG_total": 68.49,
    "xGA_total": 41.89,
    "kampe": 38,
    "xG_avg": 1.802,
    "xGA_avg": 1.102,
    "xG_diff": 0.7,
    "xG_ratio": 1.635
  },
  "SSC Napoli": {
    "liga": "Serie A",
    "xG_total": 85.83,
    "xGA_total": 33.39,
    "kampe": 38,
    "xG_avg": 2.259,
    "xGA_avg": 0.879,
    "xG_diff": 1.38,
    "xG_ratio": 2.571
  },
  "Juventus FC": {
    "liga": "Serie A",
    "xG_total": 68.47,
    "xGA_total": 44.31,
    "kampe": 38,
    "xG_avg": 1.802,
    "xGA_avg": 1.166,
    "xG_diff": 0.636,
    "xG_ratio": 1.545
  },
  "US Lecce": {
    "liga": "Serie A",
    "xG_total": 38.06,
    "xGA_total": 58.71,
    "kampe": 38,
    "xG_avg": 1.002,
    "xGA_avg": 1.545,
    "xG_diff": -0.543,
    "xG_ratio": 0.648
  },
  "ACF Fiorentina": {
    "liga": "Serie A",
    "xG_total": 58.11,
    "xGA_total": 54.97,
    "kampe": 38,
    "xG_avg": 1.529,
    "xGA_avg": 1.447,
    "xG_diff": 0.083,
    "xG_ratio": 1.057
  },
  "FC Internazionale Milano": {
    "liga": "Serie A",
    "xG_total": 71.86,
    "xGA_total": 47.73,
    "kampe": 38,
    "xG_avg": 1.891,
    "xGA_avg": 1.256,
    "xG_diff": 0.635,
    "xG_ratio": 1.505
  },
  "Empoli FC": {
    "liga": "Serie A",
    "xG_total": 50.2,
    "xGA_total": 65.05,
    "kampe": 38,
    "xG_avg": 1.321,
    "xGA_avg": 1.712,
    "xG_diff": -0.391,
    "xG_ratio": 0.772
  },
  "Cagliari Calcio": {
    "liga": "Serie A",
    "xG_total": 43.29,
    "xGA_total": 38.76,
    "kampe": 38,
    "xG_avg": 1.139,
    "xGA_avg": 1.02,
    "xG_diff": 0.119,
    "xG_ratio": 1.117
  },
  "Udinese Calcio": {
    "liga": "Serie A",
    "xG_total": 45.44,
    "xGA_total": 62.56,
    "kampe": 38,
    "xG_avg": 1.196,
    "xGA_avg": 1.646,
    "xG_diff": -0.451,
    "xG_ratio": 0.726
  },
  "Como 1907": {
    "liga": "Serie A",
    "xG_total": 47.62,
    "xGA_total": 65.39,
    "kampe": 38,
    "xG_avg": 1.253,
    "xGA_avg": 1.721,
    "xG_diff": -0.468,
    "xG_ratio": 0.728
  },
  "AC Monza": {
    "liga": "Serie A",
    "xG_total": 31.45,
    "xGA_total": 79.03,
    "kampe": 38,
    "xG_avg": 0.828,
    "xGA_avg": 2.08,
    "xG_diff": -1.252,
    "xG_ratio": 0.398
  },
  "Torino FC": {
    "liga": "Serie A",
    "xG_total": 45.55,
    "xGA_total": 63.83,
    "kampe": 38,
    "xG_avg": 1.199,
    "xGA_avg": 1.68,
    "xG_diff": -0.481,
    "xG_ratio": 0.714
  },
  "Stade Brestois 29": {
    "liga": "Ligue 1",
    "xG_total": 55.32,
    "xGA_total": 40.57,
    "kampe": 34,
    "xG_avg": 1.627,
    "xGA_avg": 1.193,
    "xG_diff": 0.434,
    "xG_ratio": 1.364
  },
  "Paris Saint-Germain FC": {
    "liga": "Ligue 1",
    "xG_total": 72.88,
    "xGA_total": 45.71,
    "kampe": 34,
    "xG_avg": 2.144,
    "xGA_avg": 1.344,
    "xG_diff": 0.799,
    "xG_ratio": 1.594
  },
  "Lille OSC": {
    "liga": "Ligue 1",
    "xG_total": 56.0,
    "xGA_total": 44.19,
    "kampe": 34,
    "xG_avg": 1.647,
    "xGA_avg": 1.3,
    "xG_diff": 0.348,
    "xG_ratio": 1.267
  },
  "OGC Nice": {
    "liga": "Ligue 1",
    "xG_total": 60.03,
    "xGA_total": 37.62,
    "kampe": 34,
    "xG_avg": 1.766,
    "xGA_avg": 1.106,
    "xG_diff": 0.659,
    "xG_ratio": 1.596
  },
  "Stade de Reims": {
    "liga": "Ligue 1",
    "xG_total": 50.62,
    "xGA_total": 56.84,
    "kampe": 34,
    "xG_avg": 1.489,
    "xGA_avg": 1.672,
    "xG_diff": -0.183,
    "xG_ratio": 0.891
  },
  "Le Havre AC": {
    "liga": "Ligue 1",
    "xG_total": 39.44,
    "xGA_total": 60.46,
    "kampe": 34,
    "xG_avg": 1.16,
    "xGA_avg": 1.778,
    "xG_diff": -0.618,
    "xG_ratio": 0.652
  },
  "Olympique Lyonnais": {
    "liga": "Ligue 1",
    "xG_total": 54.81,
    "xGA_total": 36.49,
    "kampe": 34,
    "xG_avg": 1.612,
    "xGA_avg": 1.073,
    "xG_diff": 0.539,
    "xG_ratio": 1.502
  },
  "AS Monaco FC": {
    "liga": "Ligue 1",
    "xG_total": 65.06,
    "xGA_total": 46.27,
    "kampe": 34,
    "xG_avg": 1.914,
    "xGA_avg": 1.361,
    "xG_diff": 0.553,
    "xG_ratio": 1.406
  },
  "Toulouse FC": {
    "liga": "Ligue 1",
    "xG_total": 44.85,
    "xGA_total": 49.26,
    "kampe": 34,
    "xG_avg": 1.319,
    "xGA_avg": 1.449,
    "xG_diff": -0.13,
    "xG_ratio": 0.91
  },
  "AJ Auxerre": {
    "liga": "Ligue 1",
    "xG_total": 47.98,
    "xGA_total": 49.95,
    "kampe": 34,
    "xG_avg": 1.411,
    "xGA_avg": 1.469,
    "xG_diff": -0.058,
    "xG_ratio": 0.961
  },
  "Racing Club de Lens": {
    "liga": "Ligue 1",
    "xG_total": 55.28,
    "xGA_total": 55.04,
    "kampe": 34,
    "xG_avg": 1.626,
    "xGA_avg": 1.619,
    "xG_diff": 0.007,
    "xG_ratio": 1.004
  },
  "FC Nantes": {
    "liga": "Ligue 1",
    "xG_total": 38.96,
    "xGA_total": 61.0,
    "kampe": 34,
    "xG_avg": 1.146,
    "xGA_avg": 1.794,
    "xG_diff": -0.648,
    "xG_ratio": 0.639
  },
  "Angers SCO": {
    "liga": "Ligue 1",
    "xG_total": 34.37,
    "xGA_total": 58.87,
    "kampe": 34,
    "xG_avg": 1.011,
    "xGA_avg": 1.731,
    "xG_diff": -0.72,
    "xG_ratio": 0.584
  },
  "Olympique de Marseille": {
    "liga": "Ligue 1",
    "xG_total": 62.08,
    "xGA_total": 49.46,
    "kampe": 34,
    "xG_avg": 1.826,
    "xGA_avg": 1.455,
    "xG_diff": 0.371,
    "xG_ratio": 1.255
  },
  "Stade Rennais FC 1901": {
    "liga": "Ligue 1",
    "xG_total": 42.69,
    "xGA_total": 51.22,
    "kampe": 34,
    "xG_avg": 1.256,
    "xGA_avg": 1.507,
    "xG_diff": -0.251,
    "xG_ratio": 0.833
  },
  "RC Strasbourg Alsace": {
    "liga": "Ligue 1",
    "xG_total": 51.95,
    "xGA_total": 40.68,
    "kampe": 34,
    "xG_avg": 1.528,
    "xGA_avg": 1.197,
    "xG_diff": 0.331,
    "xG_ratio": 1.277
  },
  "Montpellier HSC": {
    "liga": "Ligue 1",
    "xG_total": 35.69,
    "xGA_total": 68.15,
    "kampe": 34,
    "xG_avg": 1.05,
    "xGA_avg": 2.005,
    "xG_diff": -0.955,
    "xG_ratio": 0.524
  },
  "AS Saint-Étienne": {
    "liga": "Ligue 1",
    "xG_total": 39.05,
    "xGA_total": 55.3,
    "kampe": 34,
    "xG_avg": 1.149,
    "xGA_avg": 1.627,
    "xG_diff": -0.478,
    "xG_ratio": 0.706
  }
}