{
  "Barcelona": {
    "elo_today": 1947.86,
    "elo_7d": 1937.07,
    "elo_14d": 1946.63,
    "elo_30d": 1957.7
  },
  "RealMadrid": {
    "elo_today": 1938.56,
    "elo_7d": 1936.09,
    "elo_14d": 1929.76,
    "elo_30d": 1941.82
  },
  "Atletico": {
    "elo_today": 1857.78,
    "elo_7d": 1848.23,
    "elo_14d": 1856.09,
    "elo_30d": 1862.24
  },
  "Bilbao": {
    "elo_today": 1791.74,
    "elo_7d": 1802.54,
    "elo_14d": 1795.35,
    "elo_30d": 1818.81
  },
  "Villarreal": {
    "elo_today": 1787.98,
    "elo_7d": 1783.37,
    "elo_14d": 1769.85,
    "elo_30d": 1759.56
  },
  "Betis": {
    "elo_today": 1752.54,
    "elo_7d": 1756.57,
    "elo_14d": 1765.54,
    "elo_30d": 1760.06
  },
  "Celta": {
    "elo_today": 1691.7,
    "elo_7d": 1682.99,
    "elo_14d": 1694.08,
    "elo_30d": 1688.62
  },
  "Osasuna": {
    "elo_today": 1699.66,
    "elo_7d": 1699.17,
    "elo_14d": 1676.5,
    "elo_30d": 1686.35
  },
  "Valencia": {
    "elo_today": 1681.85,
    "elo_7d": 1677.83,
    "elo_14d": 1685.01,
    "elo_30d": 1683.17
  },
  "Sociedad": {
    "elo_today": 1669.75,
    "elo_7d": 1672.23,
    "elo_14d": 1666.2,
    "elo_30d": 1688.19
  },
  "Girona": {
    "elo_today": 1639.47,
    "elo_7d": 1649.03,
    "elo_14d": 1655.05,
    "elo_30d": 1657.64
  },
  "RayoVallecano": {
    "elo_today": 1660.91,
    "elo_7d": 1663.48,
    "elo_14d": 1651.11,
    "elo_30d": 1643.27
  },
  "Mallorca": {
    "elo_today": 1643.68,
    "elo_7d": 1641.11,
    "elo_14d": 1652.13,
    "elo_30d": 1665.21
  },
  "Sevilla": {
    "elo_today": 1639.56,
    "elo_7d": 1644.17,
    "elo_14d": 1648.82,
    "elo_30d": 1661.08
  },
  "Alaves": {
    "elo_today": 1646.55,
    "elo_7d": 1647.04,
    "elo_14d": 1641.15,
    "elo_30d": 1640.15
  },
  "Espanyol": {
    "elo_today": 1637.1,
    "elo_7d": 1629.9,
    "elo_14d": 1640.97,
    "elo_30d": 1664.32
  },
  "Getafe": {
    "elo_today": 1628.19,
    "elo_7d": 1636.9,
    "elo_14d": 1625.89,
    "elo_30d": 1659.08
  },
  "Leganes": {
    "elo_today": 1601.46,
    "elo_7d": 1594.94,
    "elo_14d": 1589.81,
    "elo_30d": 1585.63
  },
  "LasPalmas": {
    "elo_today": 1565.94,
    "elo_7d": 1573.13,
    "elo_14d": 1583.07,
    "elo_30d": 1612.87
  },
  "Valladolid": {
    "elo_today": 1469.76,
    "elo_7d": 1476.29,
    "elo_14d": 1482.18,
    "elo_30d": 1499.95
  },
  "Liverpool": {
    "elo_today": 1991.05,
    "elo_7d": 1996.72,
    "elo_14d": 2008.67,
    "elo_30d": 2020.07
  },
  "Arsenal": {
    "elo_today": 1990.97,
    "elo_7d": 1989.68,
    "elo_14d": 1985.45,
    "elo_30d": 2009.71
  },
  "ManCity": {
    "elo_today": 1957.58,
    "elo_7d": 1950.19,
    "elo_14d": 1945.1,
    "elo_30d": 1941.68
  },
  "Newcastle": {
    "elo_today": 1866.18,
    "elo_7d": 1878.09,
    "elo_14d": 1882.33,
    "elo_30d": 1867.78
  },
  "Chelsea": {
    "elo_today": 1892.47,
    "elo_7d": 1885.08,
    "elo_14d": 1880.42,
    "elo_30d": 1868.47
  },
  "AstonVilla": {
    "elo_today": 1870.47,
    "elo_7d": 1883.37,
    "elo_14d": 1877.14,
    "elo_30d": 1858.46
  },
  "CrystalPalace": {
    "elo_today": 1832.67,
    "elo_7d": 1827.01,
    "elo_14d": 1820.28,
    "elo_30d": 1803.65
  },
  "Brentford": {
    "elo_today": 1808.91,
    "elo_7d": 1809.58,
    "elo_14d": 1820.23,
    "elo_30d": 1789.54
  },
  "Bournemouth": {
    "elo_today": 1805.73,
    "elo_7d": 1801.6,
    "elo_14d": 1806.69,
    "elo_30d": 1795.14
  },
  "Forest": {
    "elo_today": 1800.5,
    "elo_7d": 1807.89,
    "elo_14d": 1799.76,
    "elo_30d": 1812.94
  },
  "Brighton": {
    "elo_today": 1824.76,
    "elo_7d": 1809.79,
    "elo_14d": 1797.83,
    "elo_30d": 1779.26
  },
  "ManUnited": {
    "elo_today": 1797.1,
    "elo_7d": 1792.48,
    "elo_14d": 1797.14,
    "elo_30d": 1788.02
  },
  "Tottenham": {
    "elo_today": 1771.64,
    "elo_7d": 1778.32,
    "elo_14d": 1784.55,
    "elo_30d": 1783.03
  },
  "Everton": {
    "elo_today": 1791.61,
    "elo_7d": 1779.7,
    "elo_14d": 1776.2,
    "elo_30d": 1761.45
  },
  "Fulham": {
    "elo_today": 1779.35,
    "elo_7d": 1786.74,
    "elo_14d": 1776.09,
    "elo_30d": 1790.3
  },
  "WestHam": {
    "elo_today": 1747.77,
    "elo_7d": 1739.76,
    "elo_14d": 1747.89,
    "elo_30d": 1726.16
  },
  "Wolves": {
    "elo_today": 1733.39,
    "elo_7d": 1732.72,
    "elo_14d": 1739.45,
    "elo_30d": 1748.62
  },
  "Leicester": {
    "elo_today": 1616.2,
    "elo_7d": 1620.33,
    "elo_14d": 1611.09,
    "elo_30d": 1591.33
  },
  "Ipswich": {
    "elo_today": 1588.7,
    "elo_7d": 1596.7,
    "elo_14d": 1605.94,
    "elo_30d": 1599.12
  },
  "Southampton": {
    "elo_today": 1552.87,
    "elo_7d": 1554.16,
    "elo_14d": 1557.66,
    "elo_30d": 1552.46
  },
  "Inter": {
    "elo_today": 1957.13,
    "elo_7d": 1953.24,
    "elo_14d": 1958.82,
    "elo_30d": 1942.26
  },
  "Atalanta": {
    "elo_today": 1847.75,
    "elo_7d": 1862.96,
    "elo_14d": 1858.67,
    "elo_30d": 1847.98
  },
  "Napoli": {
    "elo_today": 1843.9,
    "elo_7d": 1840.5,
    "elo_14d": 1845.97,
    "elo_30d": 1849.24
  },
  "Roma": {
    "elo_today": 1825.18,
    "elo_7d": 1816.54,
    "elo_14d": 1807.03,
    "elo_30d": 1806.88
  },
  "Juventus": {
    "elo_today": 1811.37,
    "elo_7d": 1807.67,
    "elo_14d": 1802.87,
    "elo_30d": 1801.16
  },
  "Milan": {
    "elo_today": 1792.43,
    "elo_7d": 1789.65,
    "elo_14d": 1799.16,
    "elo_30d": 1783.34
  },
  "Lazio": {
    "elo_today": 1775.93,
    "elo_7d": 1790.18,
    "elo_14d": 1784.6,
    "elo_30d": 1781.25
  },
  "Bologna": {
    "elo_today": 1756.35,
    "elo_7d": 1773.9,
    "elo_14d": 1781.7,
    "elo_30d": 1792.59
  },
  "Fiorentina": {
    "elo_today": 1762.5,
    "elo_7d": 1756.5,
    "elo_14d": 1748.7,
    "elo_30d": 1777.42
  },
  "Torino": {
    "elo_today": 1680.77,
    "elo_7d": 1689.41,
    "elo_14d": 1700.02,
    "elo_30d": 1710.18
  },
  "Como": {
    "elo_today": 1653.87,
    "elo_7d": 1657.75,
    "elo_14d": 1658.42,
    "elo_30d": 1641.75
  },
  "Genoa": {
    "elo_today": 1669.59,
    "elo_7d": 1652.03,
    "elo_14d": 1656.33,
    "elo_30d": 1656.31
  },
  "Udinese": {
    "elo_today": 1625.78,
    "elo_7d": 1631.77,
    "elo_14d": 1636.57,
    "elo_30d": 1640.24
  },
  "Cagliari": {
    "elo_today": 1607.8,
    "elo_7d": 1611.2,
    "elo_14d": 1600.04,
    "elo_30d": 1617.18
  },
  "Verona": {
    "elo_today": 1600.59,
    "elo_7d": 1591.13,
    "elo_14d": 1590.47,
    "elo_30d": 1593.96
  },
  "Parma": {
    "elo_today": 1608.5,
    "elo_7d": 1593.28,
    "elo_14d": 1587.81,
    "elo_30d": 1603.8
  },
  "Empoli": {
    "elo_today": 1583.18,
    "elo_7d": 1592.64,
    "elo_14d": 1580.87,
    "elo_30d": 1577.6
  },
  "Venezia": {
    "elo_today": 1563.09,
    "elo_7d": 1566.78,
    "elo_14d": 1577.94,
    "elo_30d": 1561.08
  },
  "Lecce": {
    "elo_today": 1588.57,
    "elo_7d": 1574.32,
    "elo_14d": 1563.71,
    "elo_30d": 1564.52
  },
  "Monza": {
    "elo_today": 1524.67,
    "elo_7d": 1527.45,
    "elo_14d": 1539.23,
    "elo_30d": 1531.79
  },
  "ParisSG": {
    "elo_today": 1950.23,
    "elo_7d": 1950.23,
    "elo_14d": 1948.38,
    "elo_30d": 1934.98
  },
  "Monaco": {
    "elo_today": 1755.78,
    "elo_7d": 1755.78,
    "elo_14d": 1774.4,
    "elo_30d": 1754.71
  },
  "Lille": {
    "elo_today": 1775.71,
    "elo_7d": 1775.71,
    "elo_14d": 1772.78,
    "elo_30d": 1783.09
  },
  "Marseille": {
    "elo_today": 1750.19,
    "elo_7d": 1750.19,
    "elo_14d": 1743.63,
    "elo_30d": 1728.12
  },
  "Lyon": {
    "elo_today": 1738.29,
    "elo_7d": 1738.29,
    "elo_14d": 1734.61,
    "elo_30d": 1748.65
  },
  "Strasbourg": {
    "elo_today": 1700.66,
    "elo_7d": 1700.66,
    "elo_14d": 1714.25,
    "elo_30d": 1710.61
  },
  "Nice": {
    "elo_today": 1714.28,
    "elo_7d": 1698.52,
    "elo_14d": 1698.52,
    "elo_30d": 1699.53
  },
  "Brest": {
    "elo_today": 1672.76,
    "elo_7d": 1672.76,
    "elo_14d": 1688.52,
    "elo_30d": 1666.03
  },
  "Lens": {
    "elo_today": 1686.88,
    "elo_7d": 1686.88,
    "elo_14d": 1668.26,
    "elo_30d": 1649.59
  },
  "Rennes": {
    "elo_today": 1657.14,
    "elo_7d": 1657.14,
    "elo_14d": 1663.69,
    "elo_30d": 1656.42
  },
  "Toulouse": {
    "elo_today": 1647.57,
    "elo_7d": 1647.57,
    "elo_14d": 1640.94,
    "elo_30d": 1628.24
  },
  "Auxerre": {
    "elo_today": 1622.76,
    "elo_7d": 1622.76,
    "elo_14d": 1624.61,
    "elo_30d": 1633.74
  },
  "Reims": {
    "elo_today": 1583.49,
    "elo_7d": 1586.42,
    "elo_14d": 1586.42,
    "elo_30d": 1604.45
  },
  "Nantes": {
    "elo_today": 1580.61,
    "elo_7d": 1572.35,
    "elo_14d": 1572.35,
    "elo_30d": 1574.43
  },
  "Angers": {
    "elo_today": 1531.9,
    "elo_7d": 1535.58,
    "elo_14d": 1535.58,
    "elo_30d": 1506.25
  },
  "LeHavre": {
    "elo_today": 1547.2,
    "elo_7d": 1533.61,
    "elo_14d": 1533.61,
    "elo_30d": 1521.56
  },
  "Saint-Etienne": {
    "elo_today": 1526.5,
    "elo_7d": 1533.12,
    "elo_14d": 1533.12,
    "elo_30d": 1515.68
  },
  "Montpellier": {
    "elo_today": 1484.13,
    "elo_7d": 1492.39,
    "elo_14d": 1492.39,
    "elo_30d": 1491.08
  },
  "Bayern": {
    "elo_today": 1919.0,
    "elo_7d": 1914.38,
    "elo_14d": 1914.38,
    "elo_30d": 1915.85
  },
  "Leverkusen": {
    "elo_today": 1848.79,
    "elo_7d": 1851.95,
    "elo_14d": 1851.95,
    "elo_30d": 1871.15
  },
  "Dortmund": {
    "elo_today": 1818.35,
    "elo_7d": 1818.35,
    "elo_14d": 1815.12,
    "elo_30d": 1792.65
  },
  "Frankfurt": {
    "elo_today": 1745.76,
    "elo_7d": 1745.76,
    "elo_14d": 1734.56,
    "elo_30d": 1725.15
  },
  "RBLeipzig": {
    "elo_today": 1716.37,
    "elo_7d": 1725.62,
    "elo_14d": 1725.62,
    "elo_30d": 1722.14
  },
  "Stuttgart": {
    "elo_today": 1719.31,
    "elo_7d": 1710.07,
    "elo_14d": 1710.07,
    "elo_30d": 1692.32
  },
  "Mainz": {
    "elo_today": 1706.18,
    "elo_7d": 1703.02,
    "elo_14d": 1703.02,
    "elo_30d": 1694.29
  },
  "Freiburg": {
    "elo_today": 1684.34,
    "elo_7d": 1684.34,
    "elo_14d": 1695.54,
    "elo_30d": 1686.35
  },
  "Werder": {
    "elo_today": 1677.45,
    "elo_7d": 1677.45,
    "elo_14d": 1666.4,
    "elo_30d": 1668.98
  },
  "Gladbach": {
    "elo_today": 1632.48,
    "elo_7d": 1632.48,
    "elo_14d": 1641.34,
    "elo_30d": 1646.28
  },
  "Wolfsburg": {
    "elo_today": 1645.72,
    "elo_7d": 1645.72,
    "elo_14d": 1636.86,
    "elo_30d": 1646.01
  },
  "Augsburg": {
    "elo_today": 1618.66,
    "elo_7d": 1618.66,
    "elo_14d": 1628.3,
    "elo_30d": 1656.66
  },
  "Hoffenheim": {
    "elo_today": 1605.84,
    "elo_7d": 1605.84,
    "elo_14d": 1610.46,
    "elo_30d": 1606.41
  },
  "UnionBerlin": {
    "elo_today": 1617.16,
    "elo_7d": 1617.16,
    "elo_14d": 1607.53,
    "elo_30d": 1628.44
  },
  "StPauli": {
    "elo_today": 1577.11,
    "elo_7d": 1592.58,
    "elo_14d": 1592.58,
    "elo_30d": 1590.82
  },
  "Heidenheim": {
    "elo_today": 1558.73,
    "elo_7d": 1569.78,
    "elo_14d": 1569.78,
    "elo_30d": 1552.29
  },
  "Holstein": {
    "elo_today": 1537.13,
    "elo_7d": 1540.36,
    "elo_14d": 1540.36,
    "elo_30d": 1518.03
  },
  "Bochum": {
    "elo_today": 1539.74,
    "elo_7d": 1524.27,
    "elo_14d": 1524.27,
    "elo_30d": 1530.96
  }
}